x,y,type,name,address,borough,zip,phone
996604,187904,DOE,P.S. 003 The Bedford Village,50 Jefferson Ave,K,11216,718-622-2960
1019458,190490,DOE,P.S. 007 Abraham Lincoln,858 Jamaica Ave,K,11208,718-647-3600
993685,189033,DOE,P.S. 011 Purvis J Behan,419 Waverly Ave,K,11238,718-638-2661
1013831,181130,DOE,P.S. 013 Roberto Clemente,557 Pennsylvania Ave,K,11207,718-498-3717
994790,196466,DOE,P.S. 016 Leonard Dunkly,157 Wilson St,K,11211,718-782-5352
998970,198249,DOE,P.S. 018 Edward Bush,101 Maujer St,K,11206,718-387-3241
1004755,187212,DOE,P.S. 021 Crispus Attucks,180 Chauncey St,K,11233,718-493-9681
982972,177112,DOE,P.S. 024,427 38 St,K,11232,718-832-9366
1003289,191351,DOE,P.S. 026 Jesse Owens,1014 Lafayette Ave,K,11221,718-919-5707
984883,189545,DOE,P.S. 029 John M Harrigan,425 Henry St,K,11201,718-330-9277
986550,187189,DOE,P.S. 032 Samuel Mills Sprole,317 Hoyt St,K,11231,718-222-6400
988968,188868,DOE,P.S. 038 The Pacific,450 Pacific St,K,11217,718-330-9305
1005913,187134,DOE,P.S. 040 George W Carver,265 Ralph Ave,K,11233,718-574-2353
1009081,189447,DOE,P.S. 045 Horace E Greene,84 Schaefer St,K,11207,718-642-5360
987776,165729,DOE,P.S. 048 Mapleton,6015 18 Ave,K,11204,718-232-3873
997373,191615,DOE,P.S. 054 Samuel C Barnes,195 Sanford St,K,11205,718-834-6752
985512,187171,DOE,P.S. 058 The Carroll,330 Smith St,K,11231,718-330-9322
1010047,175668,DOE,P.S. 66,845 East 96 St,K,11236,718-922-3505
1006134,191822,DOE,P.S. 075 Mayda Cortiella,95 Grv St,K,11221,718-574-0244
994436,199724,DOE,P.S. 084 Jose De Diego,250 Berry St,K,11211,718-384-8063
989819,149880,DOE,P.S. 90 Edna Cohen School,2840 West 12 St,K,11224,718-787-3333
996990,178353,DOE,P.S. 092 Adrian Hegeman,601 Parkside Ave,K,11226,718-462-2087
991224,156323,DOE,P.S. 095 The Gravesend,345 Van Sicklen St,K,11223,718-449-5050
993722,165704,DOE,P.S. 099 Isaac Asimov,1120 East 10 St,K,11230,718-338-9201
1008466,192021,DOE,P.S. 106 Edward Everett Hale,1328 Putnam Ave,K,11221,718-574-0261
1002852,171265,DOE,P.S. 109,1001 East 45 St,K,11203,718-693-3426
983812,164596,DOE,P.S. 112 Lefferts Park,7301 15 Ave,K,11228,718-232-0685
1012677,170592,DOE,P.S. 115 Daniel Mucatel School,1500 East 92 St,K,11236,718-241-1000
1001254,167364,DOE,P.S. 119 Amersfort,3829 Ave K,K,11210,718-377-7696
990132,166212,DOE,P.S. 121 Nelson A Rockefeller,5301 20 Ave,K,11204,718-377-8845
986830,182462,DOE,P.S. 124 Silas B Dutcher,515 4 Ave,K,11215,718-788-0246
990932,175699,DOE,P.S. 130 The Parkside,70 Ocean Pkwy,K,11218,718-686-1940
999251,199688,DOE,P.S. 132 The Conselyea School,320 Manhattan Ave,K,11211,718-599-7301
1002848,177315,DOE,P.S. 135 Sheldon A Brookner,684 Linden Blvd,K,11203,718-693-4363
997749,184891,DOE,P.S. 138 Brooklyn,760 Prospect Pl,K,11216,718-467-0800
1003047,194870,DOE,P.S. 145 Andrew Jackson,100 Noll St,K,11206,718-821-4823
1001203,196190,DOE,P.S. 147 Isaac Remsen,325 Bushwick Ave,K,11206,718-497-0326
1009676,191905,DOE,P.S. 151 Lyndon B Johnson,763 Knickerbocker Ave,K,11207,718-326-6360
995364,158309,DOE,P.S. 153 Homecrest,1970 Homecrest Ave,K,11229,718-375-4484
1006944,181831,DOE,P.S. 156 Waverly,104 Sutter Ave,K,11212,718-498-2811
1016131,184337,DOE,P.S. 158 Warwick,400 Ashford St,K,11207,718-277-6116
988177,171416,DOE,P.S. 164 Caesar Rodney,4211 14 Ave,K,11219,718-854-4100
984158,178921,DOE,P.S. 172 Beacon School Of Excellence,825 4 Ave,K,11232,718-965-4200
1007728,185292,DOE,P.S. 178 St. Clair Mckelway,2163 Dean St,K,11233,718-495-7768
987136,167594,DOE,The Seeall Academy,5601 16 Ave,K,11204,718-851-8070
995368,198597,CHARTER,Success Academy Charter School - Williamsburg Pre - Kindergarten,183 South 3rd St,K,11211,718-704-1419
985747,161927,DOE,P.S. 186 Dr. Irving A Gladstone,7601 19 Ave,K,11214,718-236-7071
1013461,180625,DOE,P.S. 190 Sheffield,590 Sheffield Ave,K,11207,718-346-8780
989832,168445,DOE,P.S. 192 - The Magnet School For Math And Science Inquiry,4715 18 Ave,K,11204,718-633-3061
1002569,156858,DOE,P.S. 194 Raoul Wallenberg,3117 Ave W,K,11229,718-648-8804
1000961,197506,DOE,P.S. 196 Ten Eyck,207 Bushwick Ave,K,11206,718-497-0139
1001725,171434,DOE,P.S. 198 Brooklyn,4105 Farragut Rd,K,11210,718-282-4920
983788,158980,DOE,P.S. 200 Benson School,1940 Benson Ave,K,11214,718-236-5466
1004878,165792,DOE,P.S. 203 Floyd Bennett School,5101 Ave M,K,11234,718-241-8488
987836,163315,DOE,P.S. 205 Clarion,6701 20 Ave,K,11204,718-236-2380
1003637,162866,DOE,P.S. 207 Elizabeth G Leary,4011 Fillmore Ave,K,11234,718-645-8667
994897,153044,DOE,P.S. 209 Margaret Mead,2609 East 7 St,K,11235,718-743-1954
1014692,179849,DOE,P.S. 213 New Lots,580 Hegeman Ave,K,11207,718-257-4034
992559,158723,DOE,P.S. 215 Morris H Weiss,415 Ave S,K,11223,718-339-2464
993573,170160,DOE,P.S. 217 Colonel David Marcus School,1100 Newkirk Ave,K,11230,718-434-6960
1001983,181168,DOE,P.S. 221 Toussaint L'Ouverture,791 Empire Blvd,K,11213,718-756-0122
1021434,181544,DOE,P.S. 224 Hale A Woodruff,757 Wortman Ave,K,11208,718-235-3600
990693,163416,DOE,P.S. 226 Alfred De Bmason,6006 23 Ave,K,11204,718-234-4940
989675,174378,DOE,P.S. 230 Doris L Cohen,1 Albemarle Rd,K,11218,718-437-6135
1000654,177895,DOE,P.S. 235 Lenox School,525 Lenox Rd,K,11203,718-773-4869
994024,161069,DOE,P.S. 238 Anne Sullivan,1633 East 8 St,K,11223,718-339-4355
1002118,185508,DOE,P.S. 243k - The Weeksville School,1580 Dean St,K,11213,718-604-6909
994541,174249,DOE,P.S. 245,249 East 17th St,K,11226,718-284-2330
993590,175985,DOE,P.S. 249 The Caton,18 Marlborough Rd,K,11226,718-282-8828
1005337,169271,DOE,P.S. 251 Paerdegat,1037 East 54 St,K,11234,718-251-4110
997727,154490,DOE,P.S. 254 Dag Hammarskjold,1801 Ave Y,K,11235,718-743-0890
998224,190889,DOE,P.S. 256 Benjamin Banneker,114 Kosciusko St,K,11216,718-857-9820
987504,189641,DOE,P.S. 261 Philip Livingston,314 Pacific St,K,11201,718-330-9275
1004308,178698,DOE,P.S. 268 Emma Lazarus,133 East 53 St,K,11203,718-773-5332
994945,191064,DOE,P.S. 270 Johann Dekalb,241 Emerson Pl,K,11205,718-623-5280
1017806,179114,DOE,P.S. 273 Wortman,923 Jerome St,K,11207,718-649-5739
1009786,170188,DOE,P.S. 276 Louis Marshall,1070 East 83 St,K,11236,718-241-5757
1014049,173991,DOE,P.S. 279 Herman Schreiber,1070 East 104 St,K,11236,718-444-4316
990423,185765,DOE,P.S. 282 Park Slope,180 6 Ave,K,11217,718-622-1626
989554,193596,DOE,P.S. 287 Bailey K Ashford,50 Navy St,K,11201,718-834-4745
1000334,185025,DOE,P.S. 289 George V Brower,900 St Marks Ave,K,11213,718-493-3824
987330,180120,DOE,P.S. 295,330 18 St,K,11215,718-965-0390
1009797,183759,DOE,P.S. 298 Dr. Betty Shabazz,85 Watkins St,K,11212,718-495-7793
999466,189159,DOE,P.S. 305 Dr. Peter Ray,344 Monroe St,K,11216,718-789-3962
989287,194892,DOE,P.S. 307 Daniel Hale Williams,209 York St,K,11201,718-834-4748
1005259,190031,DOE,P.S. 309 The George E Wibecan Preparatory Academy,794 Monroe St,K,11221,718-574-2381
996903,169868,DOE,P.S. K315,2310 Glenwood Rd,K,11210,718-421-9560
996991,197833,DOE,P.S. 319,360 Keap St,K,11211,718-388-1588
1013506,177584,DOE,The Fresh Creek School,875 Williams Ave,K,11207,718-272-1843
1008639,182807,DOE,P.S. 327 Dr. Rose B English,111 Bristol St,K,11212,718-495-7801
985385,148644,DOE,P.S. 329 Surfside,2929 West 30 St,K,11224,718-996-3800
1017530,185678,DOE,P.S. 345 Patrolman Robert Bolden,111 Berriman St,K,11208,718-647-8387
998959,172556,DOE,P.S. 361 East Flatbush Early Childhood School,3109 Newkirk Ave,K,11226,718-856-0600
995449,181484,DOE,P.S. 375 Jackie Robinson School,46 Mckeever Pl,K,11225,718-693-6655
997157,195047,DOE,P.S. 380 John Wayne Elementary,370 Marcy Ave,K,11206,718-388-0607
1004137,184405,DOE,M.S. K394,188 Rochester Ave,K,11213,718-756-3164
1004231,181212,DOE,P.S. 398 Walter Weaver,60 East 94 St,K,11212,718-774-4466
996862,197921,DOE,Brooklyn Arbor Elementary School,325 South 3 St,K,11211,718-963-0393
978839,173228,DOE,P.S. 506 : The School Of Journalism & Technology,330 59 St,K,11220,718-492-0087
1002508,183178,DOE,New Bridges Elementary,1025 Eastern Pkwy,K,11213,718-363-8200
1009065,187213,DOE,Brooklyn Landmark Elementary School,251 Mcdougal St,K,11233,718-443-2747
1002154,187659,DOE,Brooklyn Brownstone School,272 Macdonough St,K,11233,718-573-2307
982340,184973,CHARTER,Pave Academy Charter School,76 Lorraine St,K,11231,917-803-0380
1017717,183231,DOE,East New York Elementary School Of Excellence,605 Shepherd Ave,K,11208,718-272-6075
995436,185886,DOE,Brooklyn Arts And Science Elementary School,443 St Marks Ave,K,11238,718-230-0851
1004164,181298,DOE,P.S. 770 New American Academy,60 East 94 St,K,11212,718-221-5837
999262,180626,NYCEEC,Associated Beth Rivkah School - UPK,470 Lefferts Ave,K,11225,718-735-0400
989033,171984,NYCEEC,Bais Tziporah,1449 39th St,K,11218,718-436-8336
994745,164146,NYCEEC,Bais Yaakov Academy UPK,1213 Elm Ave,K,11230,718-339-4747
990677,165898,NYCEEC,Barkai Yeshivah,5302 21 Ave,K,11204,718-998-7473
1016772,174547,NYCEEC,Be - Er Hagolah Institutes,671 Louisiana Ave,K,11239,718-642-6800
1001380,180668,NYCEEC,Bnos Menachem,739 East New York Ave,K,11203,718-493-1100
988683,171061,NYCEEC,Gan DCC,4206 - 10 15th Ave,K,11219,718-435-2812
974876,166906,NYCEEC,Dimitrios & Georgia Kaloidis P.S. Of Holy Cross Goc,8502 Rdg Blvd,K,11209,718-836-8096
1000793,159493,NYCEEC,Good Shepherd School,1943 Brown St,K,11229,718-339-2745
996304,168211,NYCEEC,Masores Bais Yaakov,1395 Ocean Ave,K,11230,718-692-2424
999883,174969,NYCEEC,Phyl's Academy,3520 Tilden Ave,K,11203,718-469-9400
976536,167089,NYCEEC,St. Anselm Catholic Academy,365 83 St,K,11209,212-929-0839
982809,159201,NYCEEC,Heartshare Human Services Of New York,1825 Bath Ave,K,11214,718-238-4637
998382,180267,NYCEEC,St. Francis Of Assisi,400 Lincoln Rd,K,11225,718-778-3700
986936,158403,NYCEEC,St. Peter Catholic Academy,8401 23rd Ave,K,11214,718-372-0025
991104,167799,NYCEEC,"Cheder, The",129 Elmwood Ave,K,11230,718-252-6333
988679,166928,NYCEEC,Yeshiva Karlin Stolin,1801 55th St,K,11204,718-232-7800
993607,167603,NYCEEC,Yeshivah Of Flatbush,919 East 10 St,K,11230,718-377-4040
994249,165097,NYCEEC,Yeshiva Ohr Shraga,1102 Ave L,K,11230,718-252-7777
996604,163668,NYCEEC,Yeshiva Toras Emes,1904 Ave N,K,11230,718-375-0900
1005130,175370,NYCEEC,Parkway School,5566 Kings Hwy,K,11203,718-346-0369
1005435,187319,NYCEEC,Brevoort Children's Center,250 Ralph Ave,K,11233,718-778-1069
994095,172679,NYCEEC,Cortelyou ECC,386 Marlborough Rd,K,11226,718-282-6077
998938,170343,NYCEEC,Glennwood Avenue Head Start,3017 Glenwood Rd,K,11210,718-859-7720
1000019,199974,NYCEEC,Ahrc Francis Of Paola ELC,201 Conselyea St,K,11211,718-782-1462
994173,151073,NYCEEC,Neptune Avenue Head Start,293 Neptune Ave,K,11235,718-332-8524
1014511,169772,NYCEEC,Hebrew Educational Society,9502 Seaview Ave,K,11236,718-241-3000
998505,183018,NYCEEC,Macademy,1313 Un St,K,11225,718-221-5566
1005748,186420,NYCEEC,Bishop Sexton,933 Herkimer St,K,11233,718-778-0292
1003224,182225,NYCEEC,"Highlights Academy, Inc.",1688 President St,K,11213,718-953-5555
995872,197144,NYCEEC,"Puerto Rican Family Institute, Inc.",185 Marcy Ave,K,11211,718-388-6060
997056,181950,NYCEEC,"Bambi DCC, Inc.",300 Rogers Ave,K,11225,718-771-1603
990715,184947,NYCEEC,St. Francis Xavier,763 President St,K,11215,718-857-2559
1005666,193610,NYCEEC,Bushwick United HDFC 1,136 Stanhope St,K,11221,718-443-0134
987750,154384,NYCEEC,Block Institute,133 27th Ave,K,11214,347-649-3601
994613,163502,NYCEEC,Bet Yaakov Ohr Sarah,1123 Ave N,K,11230,718-627-8758
1010873,182961,NYCEEC,Nat Azarow Children's Center,232 Powell St,K,11212,718-346-0924
987018,148546,NYCEEC,PAL Carey Gardens,2964 West 23rd St,K,11224,718-372-4044
1011999,173864,NYCEEC,Khyle Brenaj Kiddie Daycare Inc.,9718 Flatlands Ave,K,11236,718-896-8108
997107,190731,NYCEEC,"Tabernacle Church Of God DCC, Inc.",34 Kosciuszko St,K,11205,718-638-3209
1018065,184170,NYCEEC,Urban Strategies 1,1091 Sutter Ave,K,11208,718-235-6151
997245,170999,NYCEEC,Cortelyou Academy,2739 Bedford Ave,K,11210,718-421-9581
998081,179139,NYCEEC,Mary Bobb Learning Academy,1187 Nostrand Ave,K,11225,718-604-4400
1006606,193748,NYCEEC,New Life CDC 4,1307 Greene Ave,K,11237,718-366-1668
1021619,178530,NYCEEC,Brooklyn Developmental Center,888 Fountain Ave,K,11208,718-235-8800
996138,182583,NYCEEC,Friends Of Crown Heights Educational Center #11,995 Carroll St,K,11225,929-234-5010
995491,174312,NYCEEC,St. Marks,2017 Beverley Rd,K,11226,718-287-7300
980895,174833,NYCEEC,St. Andrews CDC,4917 Fourth Ave,K,11220,718-492-9678
988159,171649,NYCEEC,Yeled V'Yalda,1377 42nd St,K,11219,718-514-8930
991727,170485,NYCEEC,Mevakshei Hashem,550 Ocean Pkwy,K,11226,718-435-8900
1021389,184414,NYCEEC,Urban Strategies 5 - Georgia L Mcmurray ECDC,675 Lincoln Ave,K,11208,718-235-1215
1008189,193091,NYCEEC,"Kreative Kare DCC, Inc.",292 Palmetto St,K,11237,718-386-3242
989993,172288,NYCEEC,"Yeled V'Yalda ECC, Inc.",600 Mcdonald Ave,K,11218,718-514-8980
1001038,181711,NYCEEC,Be Above 37,570 Crown St,K,11213,718-774-4131
998876,180599,NYCEEC,All My Children Day Care 10,420 Lefferts Ave,K,11225,718-576-6812
1001191,190131,NYCEEC,LSSMNY : Early Life Children's Center 8,265 Marcus Garvey Blvd,K,11221,347-689-8303
986692,170199,NYCEEC,"Yeled V'Yalda ECC, Inc.",1349 / 53 50th St,K,11219,718-854-6922
1017772,181780,NYCEEC,Friends Of Crown Heights Educational Center,921 Hegeman Ave,K,11208,929-234-2866
996876,183970,NYCEEC,Friends Of Crown Heights 10,1491 Bedford Ave,K,11216,929-234-2821
1009505,184191,NYCEEC,YWCA - NYC Brownsville ELC,1592 East New York Ave,K,11212,718-342-2905
988947,189201,NYCEEC,Strong Place For Hope DCC - Atlantic,460 Atlantic Ave,K,11217,718-522-1351
1006405,191310,NYCEEC,LSSMNY : Early Life Children's Center 9,1175 Gates Ave,K,11221,718-443-4500
1000023,194589,NYCEEC,Bushwick United HDFC 9,741 Flushing Ave,K,11206,347-497-3676
1003982,184593,NYCEEC,Friends Of Crown Heights 29,1435 Prospect Pl,K,11213,718-778-1498
996498,178302,NYCEEC,Parkside ECDC,525 Parkside Ave,K,11226,718-722-6236
994869,194894,NYCEEC,United Academy - Wythe Avenue,722 Wythe Ave,K,11249,718-935-9848
997762,178269,NYCEEC,"Infant And Child Learning Center, The",670 Parkside Ave,K,11226,718-675-1249
1018073,186044,NYCEEC,Friends Of Crown Heights 18,851 Liberty Ave,K,11208,929-234-2955
994766,187859,NYCEEC,Young Minds DCC,972 Fulton St,K,11238,718-622-8622
995035,189232,NYCEEC,Bedford Stuyvesant ECDC 5Q,5 Quincy St,K,11238,718-453-0788
997939,190854,NYCEEC,"Salvation Army, Bedford",110 Kosciusko St,K,11216,718-552-2690
1000711,193640,NYCEEC,Sumner Children's Center,860 Park Ave,K,11206,718-455-3471
998837,197692,NYCEEC,Stagg Street Center For Children,77 Stagg St,K,11206,718-388-1395
999969,197833,NYCEEC,Graham CCC,222 Graham Ave,K,11206,718-387-9482
1010815,190492,NYCEEC,Audrey Johnson DCC,272 Moffat St,K,11207,718-574-0130
995956,198655,NYCEEC,Nuestros Ninos DCC II,243 South 2nd St,K,11211,718-218-8275
982644,171900,NYCEEC,Brooklyn Chinese - American Assoc.,812 54th St,K,11220,718-438-0008
988487,180754,NYCEEC,Chick Peas Child Care,451 7th Ave,K,11215,347-878-8732
990971,189050,NYCEEC,"Hanson Place CDC, Inc.",55 Hanson Pl,K,11217,718-237-4303
986644,190766,NYCEEC,A Fantis Parochial School,195 State St,K,11201,718-624-0501
981214,175525,NYCEEC,Sunset Park Children's School,4616 4th Ave,K,11220,718-439-3323
985463,172802,NYCEEC,Nesivos Bais Yaakov,1021 45th St,K,11219,718-972-0804
1002766,189860,NYCEEC,Bedford - Stuyvesant ECDC,214 Stuyvesant Ave,K,11221,718-453-0605
997668,189692,NYCEEC,Bedford Stuyvesant ECDC 262,262 Lexington Ave,K,11216,718-453-0760
1001863,191894,NYCEEC,Bedford - Stuyvesant ECDC,971 Dekalb Ave,K,11221,718-453-0681
1003712,187088,NYCEEC,Community Parents Head Start,90 Chauncey St,K,11233,718-771-4002
1006160,185664,NYCEEC,Shirley Chisholm DCC Site 1,2023 Pacific St,K,11233,718-756-1721
999342,184615,NYCEEC,Friends Of Crown Heights #16,963 Park Pl,K,11213,718-778-8558
1001112,184847,NYCEEC,196 Albany Avenue DCC,196 Albany Ave,K,11213,718-773-0071
999222,176394,NYCEEC,Joan Watkins Corp. D / B / A Pre - School Minds DCC,3316 - 18 Church Ave,K,11203,718-284-9392
999615,177570,NYCEEC,The Children's Center @ SUNY Brooklyn,440 Lenox Rd,K,11203,718-221-6160
1004501,175992,NYCEEC,Yeled V'Yalda 407,407 East 53rd St,K,11203,718-514-8712
1000942,176919,NYCEEC,Friends Of Crown Heights,141 East 40th St,K,11203,718-284-2184
1016595,180222,NYCEEC,Boulevard Nursery School,2150 Linden Blvd,K,11207,718-649-2295
1021815,182930,NYCEEC,Marie Durdin CCC,2700 Linden Blvd,K,11208,718-647-4730
1011979,182425,NYCEEC,Help I,515 Blake Ave,K,11207,718-498-4002
1017280,175475,NYCEEC,Recreation Rooms And Settlement Starrett Early Learning,125 Schrooeders Ave,K,11239,718-642-8724
1017012,175603,NYCEEC,Recreation Rooms And Settlement Starrett Early Learning,1325 Pennsylvania Ave,K,11239,718-642-8724
977227,161359,NYCEEC,"Brooklyn Child Care, Inc.",800 Poly Pl Building 2,K,11209,718-630-2831
987214,163824,NYCEEC,Generation21 Day Care,6709 19th Ave,K,11204,718-621-9321
988846,168799,NYCEEC,Mother Love,"1681 49 St, #1f",K,11204,718-853-1408
976961,167660,NYCEEC,Our Saviour's Lutheran Preschool,414 80th St,K,11209,718-745-0020
977839,165548,NYCEEC,Smart Start ECC,8411 Ft Hamilton Pkwy,K,11209,718-921-1868
975123,166067,NYCEEC,"Tiny Tots Playhouse, LLC, The",243 88 St,K,11209,718-745-4509
993473,150264,NYCEEC,Buratino International Day Care,2962 Brighton 1st St,K,11235,718-368-2113
994935,149503,NYCEEC,M.S. Sunshine DCC,3096 Brighton 6th St,K,11235,718-648-8786
995420,164264,NYCEEC,"Red Hat DCC, Inc.",1317 East 15th St,K,11230,718-336-1480
995417,148981,NYCEEC,Shorefront YM - YWHA,3300 Coney Is Ave,K,11235,718-646-1444
986901,154500,NYCEEC,Shore Parkway Head Start,8885 26th Ave,K,11214,718-265-2359
996250,160871,NYCEEC,Keshet Learning Center,1612 Quentin Rd,K,11229,718-376-6958
1002127,177457,NYCEEC,Get Set Kindergarten School - Linden,623 Linden Blvd,K,11203,718-856-4646
996625,175651,NYCEEC,Get Set Kindergarten School Site - Snyder,2301 Snyder Ave,K,11226,718-856-4646
1002772,161157,NYCEEC,Infinity UPK,1972 East 34th St,K,11234,718-336-1981
993554,170338,NYCEEC,Nayema Universal Child Center,1107 Newkirk Ave,K,11230,718-462-3688
1000484,164353,NYCEEC,"Tiny Tots Express, Inc.",3321 Ave N,K,11234,718-338-9561
1010265,180170,NYCEEC,Salvation Army - Brownsville DCC,280 Riverdale Ave 1,K,11212,718-345-2488
1004288,195057,NYCEEC,Bushwick United HDFC 2,77 Wilson Ave,K,11237,718-821-2345
1008501,194797,NYCEEC,New Life CDC 3,408 Grv St,K,11237,718-417-4214
997721,184380,NYCEEC,Friends Of Crown Heights 9,813 Sterling Pl,K,11216,718-773-7733
1004502,185396,NYCEEC,Bedford Stuyvesant ECDC 133,133 Kings First Walk,K,11233,718-453-0828
1009679,182868,NYCEEC,Brightside Academy - Belmont,50 Belmont Ave,K,11212,718-346-1064
1000255,191478,NYCEEC,Brightside Academy - Dekalb Ave,844 Dekalb Ave,K,11221,718-574-3710
1004969,186076,NYCEEC,BCS Atlantic Avenue ELC,1825 Atlantic Ave,K,11233,347-296-4980
984437,174480,NYCEEC,Brooklyn Chinese American Assoc. - Bay Ridge DCC,4202 8th Ave,K,11232,718-438-0008
998301,171133,NYCEEC,Bumble Bees R Us 3,2813 Farragut Rd,K,11210,718-434-2337
1014559,185982,NYCEEC,St. Malachy ECDC,220 Hendrix St,K,11207,718-647-0966
997413,197193,NYCEEC,Nuestros Ninos DCC I,384 South 4th St,K,11211,718-218-8275
1019142,178427,NYCEEC,Urban Strategies 3,1152 Elton St,K,11239,718-348-9349
996646,191717,NYCEEC,Bnos Square Of Williamsburg,382 Willoughby Ave,K,11205,718-797-9844
994805,159373,NYCEEC,"Yeled V'Yalda ECC, Inc.",2166 Coney Is Ave,K,11223,718-732-7770
996553,196720,NYCEEC,Yeshiva Headstart Keap Street,274 Keap St,K,11211,718-486-6500
999237,183401,NYCEEC,Yeled V'Yalda 667,667 Eastern Pkwy,K,11213,718-514-8712
980400,171927,NYCEEC,Sunset Park ECC,5902 6 Ave,K,11220,718-722-6236
1005522,182307,NYCEEC,Inner Force Tots,1181 East New York Ave,K,11212,718-221-1246
995245,197276,NYCEEC,Jonathan Williams,321 Roebling St,K,11211,718-387-5011
997570,192432,NYCEEC,Our Children The Leaders Of Tomorrow 1,756 Myrtle Ave,K,11206,718-643-8201
993758,196868,NYCEEC,Williamsburg Y Head Start,64 Division Ave,K,11249,718-387-0229
1006362,190197,NYCEEC,A.C.E. Integration Head Start,1419 - 23 Broadway,K,11221,718-443-3917
997465,176822,NYCEEC,"Roger Day Care, Inc.",775 Rogers Ave,K,11226,718-703-4312
992520,164995,NYCEEC,Yeled V?yalda,1200 Ocean Pkwy,K,11230,718-514-8928
983635,147991,NYCEEC,YWCA - NYC Roberta Bright ELC,3001 W 37th St,K,11224,718-373-1100
981319,171601,NYCEEC,Happy Dragon Children And Family Center,5805 7th Ave,K,11220,347-610-1802
1005874,181647,NYCEEC,Friends Of Crown Heights 26,20 Sutter Ave,K,11212,718-467-4270
980791,172187,NYCEEC,Bumble Bees R Us 8,5721 6th Ave,K,11220,718-676-0080
1000909,189948,NYCEEC,Bedford Stuyvesant ECDC 510,510 Quincy St,K,11221,718-455-4806
996861,174261,NYCEEC,Higher Level,2401 Beverley Rd,K,11226,718-856-4064
999360,179703,NYCEEC,"Little Stars Daycare Center, Inc.",588 Brooklyn Ave,K,11203,718-673-3092
987479,170870,NYCEEC,Beth Jacob Of Borough Park,1371 46 St,K,11219,718-436-7300
983756,172508,NYCEEC,Brooklyn Chinese - American Assoc.,871 50th St,K,11220,718-438-0008
985130,148137,NYCEEC,Sunshine Center Of Coney Island,2929 W31st St,K,11224,718-996-7200
986272,192646,NYCEEC,Imagine Brooklyn Heights,50 Monroe Pl,K,11201,718-624-7520
1010105,179731,NYCEEC,SCO Family Of Services,225 Newport St,K,11212,929-234-6870
1004246,176982,NYCEEC,Magic Kingdom LLC,5215 Church Ave,K,11203,347-793-0180
1002181,150120,NYCEEC,CDC Of Kingsborough,1915 Oriental Blvd,K,11235,718-368-5868
984537,174612,NYCEEC,Brooklyn Chinese American Assoc.,4116 8th Ave,K,11232,718-438-0008
1000435,184294,NYCEEC,"Arista Prep, Inc.",221 Kingston Ave,K,11213,718-756-5550
998107,172467,NYCEEC,Friends Of Crown Heights,2805 Newkirk Ave,K,11226,917-966-4400
1002981,176464,NYCEEC,"Apple Tree Day Care, Inc.",440 East 48th St,K,11203,718-287-7488
1006121,153905,NYCEEC,Infinity UPK Of Gerritsen Avenue,2934 - 2936 Gerritsen Ave,K,11229,718-336-1981
983726,149443,NYCEEC,Dezzenterprise LLC,3524 Neptune Ave,K,11224,917-207-2438
1003783,183072,NYCEEC,Effie Bs ECDC Corp.,1171 Eastern Pkwy,K,11213,718-735-5500
987664,170821,NYCEEC,Bnos Chaya,4511 14th Ave,K,11219,718-851-1212
1009275,188871,NYCEEC,Urban Strategies Child Care,1405 Bushwick Ave,K,11207,718-235-6151
992888,175116,NYCEEC,Honeydew Drop Playhouse,1113 Church Ave,K,11218,718-941-2177
983551,172516,NYCEEC,IP Kids Montessori,850 50th St,K,11220,718-633-1178
991295,159431,NYCEEC,"Ronomoza, Inc. / The Learning Experience",412 Kings Hwy,K,11223,718-627-7340
996273,177158,NYCEEC,Blue Star DCC,2217 Caton Ave,K,11226,718-703-0009
1018271,185021,NYCEEC,"A Castle For Classy Kids Learning Center, Inc.",2570 Pitkin Ave,K,11208,347-750-8154
989394,155744,NYCEEC,"Circle, Triangle, Square Daycare, Inc.",2720 86th St,K,11223,718-373-2234
993841,175405,NYCEEC,Aim High Childrens Services,83 Marlborough Rd,K,11226,718-509-0630
1001782,158293,NYCEEC,A To Z DCC,3053 Ave U,K,11229,718-368-1234
993255,171230,NYCEEC,Kaleidoscope Early Childhood Develepment Center,480 Stratford Rd,K,11218,917-652-4422
984335,166178,NYCEEC,Angel ECDC,1436 67th St 1st Floor,K,11219,718-259-0888
995969,198682,NYCEEC,Bushwick United Development Fund,243 South 2nd St,K,11211,718-443-0685
1017056,185285,NYCEEC,Rockgate DCC 1,770 - 784 Glenmore Ave,K,11208,718-348-7414
996885,162953,NYCEEC,Promise World Daycare,1968 Ocean Ave,K,11230,718-743-2828
1001486,199184,NYCEEC,Queen Of The Rosary Catholic Academy,11 Catherine St,K,11211,718-388-7992
994321,185652,NYCEEC,Sunny Skies Preschool,720 Washington Ave,K,11238,917-337-8003
1003647,174842,NYCEEC,"Faces Of The Future ELC, LLC",1080 Utica Ave,K,11203,718-618-0061
993304,153043,NYCEEC,Neshama Preschool,723 Ave Z,K,11223,917-804-8284
1011694,185198,NYCEEC,Trey Whitfield School,17 Hinsdale St,K,11207,718-342-7722
1003343,183392,NYCEEC,Bka Utica,250 Utica Ave,K,11213,718-953-9011
1000837,176492,NYCEEC,Bryan's Educational Center,3922 Church Ave,K,11203,718-282-6944
1000382,190102,NYCEEC,Glorious And Gifted ECC Inc.,421 Throop Ave,K,11221,718-812-0426
996395,161684,NYCEEC,Free Greek Community Of The Three Hierarchs,1720 Ave P,K,11229,718-339-0280
1003059,161147,NYCEEC,Itty Bitty Adventures Preschool,3416 Ave S,K,11234,718-375-4700
993934,150819,NYCEEC,Learn And Explore,330 Neptune Ave,K,11235,718-513-3600
983845,160708,NYCEEC,Little Sunshine Preschool,1815 85th St,K,11214,347-921-1815
981992,168708,NYCEEC,Okie Dokie Day Care,1002 65th St,K,11219,646-261-0936
990177,186542,NYCEEC,NY Preschool Park Slope,125 5th Ave,K,11217,718-228-0800
990640,169321,NYCEEC,Sweet Home DCC,927 Macdonald Ave,K,11218,718-871-4301
998899,176369,NYCEEC,Candy Kid's DCC,3212 Church Ave,K,11226,718-287-6200
992646,174992,NYCEEC,Gated Academy,1019 Church Ave,K,11218,718-693-3699
983195,171140,NYCEEC,My Sunshine Kids Inc.,928 55th St,K,11219,718-877-9833
982011,165313,NYCEEC,Little Hands And Feet School,1270 Bay Rdg Pkwy,K,11228,718-680-5437
987976,162301,NYCEEC,Little Sunshine Child Development,2102 70th St,K,11204,347-673-7239
993251,149815,NYCEEC,Sarah Winner Daycare,2997 Ocean Pkwy,K,11235,917-804-8284
998422,157212,NYCEEC,Brooklyn Star Daycare Inc.,2175 East 22 St,K,11229,718-934-0075
990117,176907,NYCEEC,One World Project - Brooklyn,302 Vanderbilt St,K,11218,212-929-0839
995143,151756,NYCEEC,Bam Bam's Playhouse,714 Banner Ave,K,11235,347-613-9475
996871,163066,NYCEEC,Imaginarium Child,1954 Ocean Ave,K,11230,917-689-3300
984943,198898,DOE,P.S. 001 Alfred E Smith,8 Henry St,M,10038,212-267-4133
982537,206190,DOE,P.S. 003 Charrette School,490 Hudson St,M,10014,212-691-1183
1005727,252054,DOE,P.S. 005 Ellen Lurie,3703 Tenth Ave,M,10034,212-567-8109
1001794,245009,DOE,P.S. 008 Luis Belliard,465 West 167 St,M,10032,212-928-4364
984061,210431,DOE,P.S. 011 William T Harris,320 West 21 St,M,10011,212-929-1743
988634,205140,DOE,P.S. 019 Asher Levy,185 1 Ave,M,10003,212-533-5340
1000300,242214,DOE,P.S. 028 Wright Brothers,475 West 155 St,M,10032,212-690-3014
984209,212170,DOE,P.S. 033 Chelsea Prep,281 9 Ave,M,10001,212-244-6426
996044,234601,DOE,P.S. 036 Margaret Douglas,123 Morningside Dr,M,10027,212-690-5807
999494,226582,DOE,P.S. 38 Roberto Clemente,232 East 103 St,M,10029,212-860-5882
984442,207285,DOE,P.S. 041 Greenwich Village,116 West 11 St,M,10011,212-675-2756
1001975,242268,DOE,P.S. 046 Arthur Tappan,2987 Frederick Dgls Blvd,M,10039,212-360-1519
985591,216656,DOE,P.S. 051 Elias Howe,525 West 44th St,M,10036,212-315-7160
988036,203208,DOE,The Star Academy - Ps63,121 East 3 St,M,10009,212-674-3180
998767,227582,DOE,The Lexington Academy,131 East 104 St,M,10029,212-860-5831
1000188,228334,DOE,P.S. 083 Luis Munoz Rivera,219 East 109 St,M,10029,212-860-5847
990406,224094,DOE,P.S. 087 William Sherman,160 West 78 St,M,10024,212-678-2826
999200,236265,DOE,P.S. 092 Mary McLeod Bethune,222 West 134 St,M,10030,212-690-5915
1007005,255485,DOE,P.S. 098 Shorac Kappock,512 West 212 St,M,10034,212-927-7870
998589,228939,DOE,P.S. 108 Assemblyman Angelo Del Toro Educational Complex,1615 Madison Ave,M,10029,212-860-5803
987176,218312,DOE,P.S. 111 Adolph S Ochs,440 West 53 St,M,10019,212-582-7420
1002225,247606,DOE,P.S. 115 Alexander Humboldt,586 West 177 St,M,10033,212-927-9233
999649,238086,DOE,P.S. 123 Mahalia Jackson,301 West 140 St,M,10030,212-342-6200
996483,234615,DOE,P.S. 125 Ralph Bunche,425 West 123 St,M,10027,212-666-6400
1001154,245745,DOE,P.S. 128 Audubon,560 West 169 St,M,10032,212-927-0607
984696,201108,DOE,P.S. 130 Hernando De Soto,143 Baxter St,M,10013,212-226-8072
988696,199514,DOE,P.S. 134 Henrietta Szold,293 East Broadway,M,10002,212-673-4470
988831,201263,DOE,P.S. 140 Nathan Straus,123 Rdg St,M,10002,212-677-4680
993925,230396,DOE,The Bloomingdale Magnet School For Multimedia Communication,150 West 105 St,M,10025,212-678-2857
998595,231664,DOE,P.S. 149 Sojourner Truth,41 West 117 St,M,10026,646-672-9020
1004217,252658,DOE,P.S. 152 Dyckman Valley,93 Nagle Ave,M,10040,212-567-5456
998368,234654,DOE,P.S. 154 Harriet Tubman,250 West 127 St,M,10027,212-864-2400
997867,219948,DOE,P.S. 158 Bayard Taylor,1458 York Ave,M,10075,212-744-6562
993633,231720,DOE,P.S. 165 Robert E Simon,234 West 109 St,M,10025,212-678-2873
997631,227925,DOE,P.S. 171 Patrick Henry,19 East 103 St,M,10029,212-860-5801
1000052,235962,DOE,P.S. 175 Henry H Garnet,175 West 134 St,M,10030,212-283-0426
988196,198439,DOE,P.S. 184m Shuang Wen,327 Cherry St,M,10002,212-602-9700
990502,201596,DOE,P.S. 188 The Island School,442 East Houston St,M,10002,212-677-5710
987709,220465,DOE,"The Museum Magnet School For Inquiry, Innovation And Imagination",210 West 61 St,M,10023,212-757-4343
1000558,238536,DOE,P.S. 194 Countee Cullen,244 West 144 St,M,10030,212-690-5954
998132,225290,DOE,P.S. 198 Isador E Ida Straus,1700 3 Ave,M,10128,212-289-3702
999569,241664,DOE,P.S. / I.S. 210 - Twenty - First Century Academy For Community Leadership,501 - 503 West 152 St,M,10031,212-283-0012
998580,217620,DOE,P.S. / I.S. 217 Roosevelt Island,645 Main St,M,10044,212-980-0294
998487,233036,DOE,P.S. 242 - The Young Diplomats Magnet Academy,134 West 122 St,M,10027,212-678-2908
991859,210480,DOE,The River School,425 East 35th St,M,10016,212-251-6640
997417,238334,DOE,P.S. 325,500 West 138 St,M,10031,212-234-1335
985552,208488,DOE,Sixth Avenue Elementary School,590 Sixth Ave,M,10011,718-935-3440
1003333,248666,DOE,Washington Heights Expeditionary Learning School,511 West 182nd St,M,10033,212-781-0524
990267,204367,DOE,The Children's Workshop School,610 East 12 St,M,10009,212-614-9531
989435,203081,DOE,Earth School,600 East 6 St,M,10009,212-477-1735
999640,229213,DOE,Mosaic Preparatory Academy,141 East 111 St,M,10029,212-722-3109
982696,198290,DOE,Spruce Street School,12 Spruce St,M,10018,212-266-4800
1001271,245593,DOE,Castle Bridge School,560 West 169 St,M,10032,212-740-4701
997653,227966,DOE,Central Park East II,19 East 103 St,M,10029,212-860-5992
998519,222262,NYCEEC,Cassidy's Place,419 East 86th St,M,10028,212-845-3821
995106,234772,NYCEEC,Corpus Christi,535 West 121st St,M,10027,212-662-9344
982837,211367,NYCEEC,Guardian Angel,193 10th Ave,M,10011,212-989-8280
1001948,247113,NYCEEC,Incarnation School,570 West 175th St,M,10033,212-795-1030
1002207,250051,NYCEEC,Yeshiva Rabbi Samson Raphael Hirsch,85 - 93 Bennett Ave,M,10033,212-568-6200
989603,203419,NYCEEC,St. Brigid School,185 East 7th St,M,10009,212-677-5210
991922,226986,NYCEEC,St. Gregory The Great School,138 West 90th St,M,10024,212-362-5410
1000946,244493,NYCEEC,St. Rose Of Lima School,517 West 164th St,M,10032,212-927-1619
995962,218726,NYCEEC,Lenox Hill Neighborhood House,331 East 70th St,M,10021,212-218-0406
990780,207539,NYCEEC,Imagine ELC At Vets Kids,423 East 23 St,M,10010,212-951-3435
986761,210694,NYCEEC,Ivy League Early Learning Academy,776 Ave Of The Americas,M,10001,212-683-5545
999464,234496,NYCEEC,West Harlem Earlylearn,121 West 128th St,M,10027,212-665-7586
1000111,238365,NYCEEC,Children's Aid Society Drew Hamilton ECC,2672 Frederick Douglass Blvd,M,10030,212-281-9555
990494,201989,NYCEEC,Educational Alliance - Lillian Wald,34 Ave D,M,10009,646-395-4218
999773,227649,NYCEEC,East Harlem Block Nursery 1,215 East 106th St,M,10029,212-427-2571
984993,198569,NYCEEC,Hamilton Madison House Earlylearn Center 2,60 Catherine St,M,10038,212-962-3408
987367,200459,NYCEEC,Grand St. Settlement Dual Center #1,60 Essex St,M,10002,212-677-6990
984548,214046,NYCEEC,Gramercy School,460 West 34th St 2nd Floor,M,10001,212-420-0510
991571,226415,NYCEEC,Child Center Of NY,169 West 87th St,M,10024,212-799-2440
1001671,228791,NYCEEC,Dawning Village Too,2211 First Ave,M,10029,212-369-5313
998272,228245,NYCEEC,Union Carver Early Childhood Program,1565 Madison Ave,M,10029,212-828-6079
996361,235041,NYCEEC,Grant DCC,1299 Amsterdam Ave,M,10027,212-666-6000
1001612,237905,NYCEEC,Graham Windham DCC,669 Lenox Ave,M,10037,212-491-8501
1005683,252665,NYCEEC,Friends Of Crown Heights DCC #28,3732 10th Ave,M,10034,212-567-5655
998287,226796,NYCEEC,East Harlem Center,130 East 101st St,M,10029,212-348-2343
1001880,231331,NYCEEC,Community Life Center 1,221 East 122 St,M,10035,212-427-6800
986866,198046,NYCEEC,Hamilton Madison House Earlylearn Center 5,253 South St,M,10002,212-962-3408
1000957,231682,NYCEEC,Pequenos Souls DCC,114 East 122nd St,M,10035,212-427-7644
999123,230185,NYCEEC,Children's Aid Society Taft ECC,1724 - 26 Madison Ave,M,10029,212-831-0556
989069,203159,NYCEEC,Bank Street Head Start,535 East 5th St,M,10009,212-353-2532
985448,201798,NYCEEC,Chinese Community Concerns Corp.,180 Mott St,M,10012,212-226-5000
998451,240013,NYCEEC,LSSMNY : Early Life Childrens Center 14,510 - 16 West 145th St,M,10031,646-449-0814
989985,200326,NYCEEC,Grand St. Settlement Head Start Center,294 Delancey St,M,10002,212-777-0656
986871,201792,NYCEEC,University Settlement ECC,184 Eldridge St,M,10002,212-453-4584
990973,202812,NYCEEC,Cpc Jacob Riis CCC,108 Ave D,M,10009,212-533-9138
1000605,225535,NYCEEC,Children's Aid At P.S. 50,433 East 100th St,M,10029,646-627-7448
980877,200632,NYCEEC,BMCC ECC,199 Chambers St,M,10013,212-220-8251
999233,223841,NYCEEC,Eisman Day Nursery,1794 First Ave,M,10128,212-876-9200
992832,217190,NYCEEC,Lighthouse CDC,111 East 59th St,M,10022,212-821-9600
986567,219268,NYCEEC,YWCA - NYC Polly Dodge ELC,538 West 55th St,M,10019,212-757-2047
985811,198204,NYCEEC,Hamilton Madison House Earlylearn Center 4,77 Market St,M,10002,212-962-3408
994554,231443,NYCEEC,Bloomingdale Family Program 1,125 West 109th St,M,10025,212-663-4067
994915,231007,NYCEEC,Bloomingdale Family Program III,987 Columbus Ave,M,10025,212-663-4067
994301,229836,NYCEEC,Children's Aid Society Frederick Douglass Ecp,885 Columbus Ave,M,10025,212-865-6337
993659,229287,NYCEEC,Open Door CCC,820 Columbus Ave,M,10025,212-749-5572
987913,221443,NYCEEC,Mabel Barrett Fitzgerald DCC,243 West 64th St,M,10023,212-874-0860
997614,228199,NYCEEC,"Boys & Girls Harbor, Inc.",1 East 104th St,M,10029,212-427-2244
999828,226237,NYCEEC,Metro North Childcare Center,304 East 102nd St,M,10029,212-828-6413
1000093,225928,NYCEEC,Addie Mae Collins 2,345 East 101st St,M,10029,212-831-7373
998789,229562,NYCEEC,East Harlem Chs Bilingual Head Start - 111th,30 East 111th St,M,10029,212-860-7201
999785,234608,NYCEEC,Harlem Gems North,381 Lenox Ave,M,10027,646-539-5898
1001894,238415,NYCEEC,Seventh Avenue Center For Family Services,711 Lenox Ave,M,10039,212-862-0600
998625,235026,NYCEEC,Utopia Children's Center,236 West 129th St,M,10027,212-663-7376
1000508,238706,NYCEEC,ECDO Child Start Center,249 West 144th St,M,10030,212-234-8135
1003129,250109,NYCEEC,St. Elizabeth Pre Kindergarten,612 West 187th St,M,10033,212-568-7291
999621,242578,NYCEEC,Northern Manhattan Head Start,529 West 155 St,M,10032,212-926-8264
1001974,248555,NYCEEC,St. Spyridon Parochial School,124 Wadsworth Ave,M,10033,212-795-6870
1005493,254805,NYCEEC,Nicholas Cardell DCC,84 Vermilyea Ave,M,10034,212-942-6757
985616,201122,NYCEEC,Victoria Children's Group,230 Grand St 2nd Floor,M,10013,212-625-9228
985826,215163,NYCEEC,Hudson Guild,410 West 40th St,M,10018,212-760-9830
998420,229977,NYCEEC,Sunshine Daycare East Harlem,1330 5th Ave,M,10026,212-444-1177
994487,231479,NYCEEC,Cathedral Parkway Towers Preschool,125 West 109th St,M,10025,212-749-0291
992338,227020,NYCEEC,Goddard Riverside Day Care 1,114 West 91st St,M,10025,212-873-6865
988675,200974,NYCEEC,"Educational Alliance, Inc. @ P.S. 142",100 Attorney St,M,10002,646-395-4218
1001825,245069,NYCEEC,Children's Aid Society At P.S. 8,465 West 167th St,M,10032,212-740-8655
988525,224085,NYCEEC,Milestones Uws,319 West 74 St,M,10023,917-273-0776
986966,218169,NYCEEC,Sacred Heart Parochial,456 West 52nt Streetÿÿ,M,10019,212-246-4784
999302,232580,NYCEEC,Community Life Center 2,15 Mt Morris Park West,M,10027,212-427-3000
1003145,249930,NYCEEC,Ft. George Child Center 1,601 W 186 St,M,10033,212-927-2210
1000120,239056,NYCEEC,Urban Concepts / Round The Clock,300 W 145 St,M,10039,212-862-2273
981192,195283,NYCEEC,CCLC At 4 NY Plaza,4 Newyork Plz Suite 104,M,10004,212-513-7367
988190,221100,NYCEEC,Hudson Guild,206 West 64th St,M,10023,212-760-9830
1000579,241793,NYCEEC,Sugar Hill Museum Preschool,400 W 155th St,M,10032,212-862-7155
992730,229469,NYCEEC,My Little Language School,225 West 99th St,M,10025,646-389-7552
1000043,240250,NYCEEC,Moreau LMSW Children & Family Services PC,764 St Nicholas Ave,M,10031,212-234-1036
982942,200504,NYCEEC,NY Preschool Tribeca,88 Leonard St,M,10013,718-228-0800
986841,200508,NYCEEC,Victoria Children's Center,323 Grand St,M,10002,212-625-1828
992315,228138,NYCEEC,River Park Nursery School,711 Amsterdam Ave,M,10025,212-663-1205
989544,202461,NYCEEC,Butterfly CCC,296 East 4th St,M,10009,347-238-9341
1051614,189303,DOE,P.S. 015 Jackie Robinson,121 - 15 Lucas St,Q,11413,718-525-1670
1058444,206065,DOE,P.S. 018 Winchester,86 - 35 235 Ct,Q,11427,718-464-4167
1034491,221402,DOE,P.S. 021 Edward Hart,147 - 36 26 Ave,Q,11354,718-445-8833
1045769,207725,DOE,P.S. 026 Rufus King,195 - 02 69 Ave,Q,11365,718-464-4505
1027687,222887,DOE,P.S. 029 Queens,125 - 10 23 Ave,Q,11356,718-886-5111
1041260,218069,DOE,P.S. 032 State Street,171 - 11 35 Ave,Q,11358,718-463-3747
1048277,199369,DOE,P.S. 035 Nathaniel Woodhull,191 - 02 90 Ave,Q,11423,718-465-6820
1042210,192244,DOE,P.S. 040 Samuel Huntington,109 - 20 Un Hall St,Q,11433,718-526-1906
1050510,155650,DOE,P.S. 043,160 Bch 29 St,Q,11691,718-327-5860
1034022,160276,DOE,P.S. 047 Chris Galas,9 Power Rd,Q,11693,718-634-7167
1037795,192571,DOE,P.S. 050 Talfourd Lawn Elementary School,143 - 26 101 Ave,Q,11435,718-526-5336
1048979,180298,DOE,P.S. 052 Queens,178 - 37 146 Ter,Q,11434,718-528-2238
1014669,204798,DOE,P.S. 58 - School Of Heroes,72 - 24 Grand Ave,Q,11378,718-533-6712
1029774,190197,DOE,P S 62 - Chester Park School,97 - 25 108 St,Q,11419,718-286-4460
1026894,193585,DOE,P.S. 066 Jacqueline Kennedy Onassis,85 - 11 102 St,Q,11418,718-849-0184
1015130,212171,DOE,P.S. 069 Jackson Heights,77 - 02 37 Ave,Q,11372,718-424-7700
1010585,198453,DOE,P.S. 071 Forest,62 - 85 Frst Ave,Q,11385,718-821-7772
996037,210512,DOE,P.S. / I.S. 78q,48 - 09 Ctr Blvd,Q,11109,718-392-5402
1048210,184631,DOE,P.S. 080 The Thurgood Marshall Magnet School,171 - 05 137th Ave,Q,11434,718-528-7070
1010255,220246,DOE,P.S. 084 Steinway,22 - 45 41 St,Q,11105,718-278-1915
1038647,197715,DOE,P.S. Q086,87 - 41 Parsons Blvd,Q,11432,718-291-6264
1012959,195792,DOE,P.S. 088 Seneca,60 - 85 Catalpa Ave,Q,11385,718-821-8121
1016391,195645,DOE,P.S. 091 Richard Arkwright,68 - 10 Central Ave,Q,11385,718-821-6880
1037470,185366,DOE,P.S. 096,130 - 01 Rockaway Blvd,Q,11420,718-529-2547
1033717,186944,DOE,P.S. 100 Glen Morris,111 - 11 118 St,Q,11420,718-843-8390
1018078,206436,DOE,P.S. 102 Bayview,55 - 24 Van Horn St,Q,11373,718-446-3308
1044941,156370,DOE,P.S. 105 The Bay School,420 Bch 51 St,Q,11691,718-474-8615
1039753,214680,DOE,P.S. 107 Thomas A Dooley,167 - 02 45 Ave,Q,11358,718-762-5995
1001090,215721,DOE,P.S. 111 Jacob Blackwell,37 - 15 13 St,Q,11101,718-786-2073
1064758,210409,DOE,P.S. 115 Glen Oaks,80 - 51 261 St,Q,11004,718-831-4010
1036048,198074,DOE,P.S. 117 J Keld / Briarwood School,85 - 15 143 St,Q,11435,718-526-4780
1031607,210838,DOE,P.S. 120 Queens,58 - 01 136 St,Q,11355,718-359-3390
1007503,223572,DOE,P.S. 122 Mamie Fay,21 - 21 Ditmars Blvd,Q,11105,718-721-6410
1019884,217981,DOE,P.S. 127 Aerospace Science Magnet,98 - 01 25 Ave,Q,11369,718-446-4700
1044081,216176,DOE,P.S. 130,200 - 01 42 Ave,Q,11361,718-357-6606
1062501,206100,DOE,P.S. 133 Queens,248 - 05 86 Ave,Q,11426,718-831-4016
1051511,201882,DOE,The Bellaire School,207 - 11 89 Ave,Q,11427,718-464-2119
1057841,179723,DOE,P.S. / Ms138 Sunrise,251 - 11 Weller Ave,Q,11422,718-528-9053
1025018,199833,DOE,P.S. 144 Col Jeromus Remsen,93 - 02 69 Ave,Q,11375,718-268-2775
1056222,193481,DOE,P.S. / M.S. 147 Ronald Mcnair,218 - 01 116 Ave,Q,11411,718-528-2420
1005476,210979,DOE,P.S. 150 Queens,40 - 01 43 Ave,Q,11104,718-784-2252
1011858,213657,DOE,P.S. 152 Gwendoline N Alleyne School,33 - 52 62 St,Q,11377,718-429-3141
1037682,204068,DOE,P.S. 154 Queens,75 - 02 162 St,Q,11366,718-591-1500
1055567,184448,DOE,P.S. 156 Laurelton,229 - 02 137 Ave,Q,11413,718-528-9173
1039710,190041,DOE,P.S. 160 Walter Francis Bishop,109 - 59 Inwood St,Q,11435,718-526-5523
1037238,209213,DOE,P.S. 163 Flushing Heights,159 - 01 59 Ave,Q,11365,718-353-2514
1034688,205168,DOE,P.S. 165 Edith K Bergtraum,70 - 35 150 St,Q,11367,718-263-4004
1045527,224504,DOE,P.S. 169 Bay Terrace,18 - 25 212 St,Q,11360,718-428-6160
1040985,206840,DOE,P.S. 173 Fresh Meadows,174 - 10 67 Ave,Q,11365,718-358-2243
1025050,205563,DOE,P.S. 175 The Lynn Gross Discovery School,64 - 35 102 St,Q,11374,718-897-8600
1046031,203298,DOE,P.S. / I.S. 178 Holliswood,189 - 10 Radnor Rd,Q,11423,718-464-5763
1038210,154094,DOE,P.S. 183 Dr. Richard R Green,2 - 45 Bch 79 St,Q,11693,718-634-9459
1061373,212506,DOE,P.S. 186 Castlewood,252 - 12 72 Ave,Q,11426,718-831-4021
1064960,206867,DOE,P.S. 191 Mayflower,85 - 15 258 St,Q,11001,718-831-4032
1057591,177209,DOE,P.S. 195 William Haberle,253 - 50 149 Ave,Q,11422,718-723-0313
1055406,157947,DOE,P.S. 197 The Ocean School,825 Hicksville Rd,Q,11691,718-327-1083
1038160,205716,DOE,P.S. / M.S. 200 - The Pomonok School & Star Academy,70 - 10 164 St,Q,11365,718-969-7780
1050742,213922,DOE,P.S. 203 Oakland Gardens,53 - 11 Springfield Blvd,Q,11364,718-423-8652
1022823,206785,DOE,P.S. 206 The Horace Harding School,61 - 02 98 St,Q,11374,718-592-0300
1040977,224912,DOE,P.S. 209 Clearview Gardens,16 - 10 Utopia Pkwy,Q,11357,718-352-3939
1054700,211687,DOE,P.S. 213 The Carl Ullman School,231 - 02 67 Ave,Q,11364,718-423-8747
1033062,207501,DOE,P.S. 219 Paul Klapper,144 - 39 Gravett Rd,Q,11367,718-793-2130
1058701,215755,DOE,P.S. 221 The North Hills School,57 - 40 Marathon Pkwy,Q,11362,718-423-8825
1042668,184951,DOE,P.S. 223 Lyndon B Johnson,125 - 20 Sutphin Blvd,Q,11434,718-322-9012
1012873,206947,DOE,P.S. 229 Emanuel Kaplan,67 - 25 51 Rd,Q,11377,718-446-2120
1010857,194024,DOE,P.S. 239,17 - 15 Weirfield St,Q,11385,718-417-2840
1032411,214241,DOE,The Active Learning Elementary School,137 - 20 Franklin Ave,Q,11355,718-445-5730
1053949,160637,DOE,P.S. 253,1307 Central Ave,Q,11691,718-327-0895
1059605,211058,DOE,P.S. / I.S. 266,74 - 10 Commonwealth Blvd,Q,11426,718-479-3920
1027416,192016,DOE,P.S. 273,88 - 07 102nd St,Q,11418,718-286-8300
1058685,201984,DOE,P.S. / I.S. 295,222 - 14 Jamaica Ave,Q,11428,718-464-1433
1007824,196826,DOE,Learners And Leaders,378 Seneca Ave,Q,11385,718-366-1061
1025871,188263,DOE,Queens Explorer's Elementary,90 - 07 101st Ave,Q,11416,718-558-7088
1043527,155806,DOE,Goldie Maple Academy,3 - 65 Bch 56 St,Q,11692,718-945-3300
1005703,209569,DOE,The Children's Lab School,45 - 45 42nd St,Q,11104,718-361-3300
1046831,186978,DOE,P.S. 354,126 - 10 Bedell St,Q,11434,718-276-1348
1010261,211774,DOE,P.S. 361,57 - 02 To 57 - 08 39th Ave,Q,11377,718-935-3614
1033794,208475,DOE,"The Queens College School For Math, Science And Technology",148 - 20 Reeves Ave,Q,11367,718-461-7462
1030077,201214,NYCEEC,Beth Gavriel / Sha'arei Zion Ohel Bracha,7524 Grand Central Pkwy,Q,11375,718-897-6771
1032251,195995,NYCEEC,Bais Yaakov Academy Of Queens ( Metropolitan Ave ),124 - 50 Metropolitan Ave,Q,11415,718-847-5352
1015193,214146,NYCEEC,"Garden School, Inc.",3316 79th St,Q,11372,718-335-6363
1008949,222490,NYCEEC,Immaculate Conception School,21 - 63 29th St,Q,11105,718-728-1969
1020000,205666,NYCEEC,Jewish Institute Of Queens,6005 Woodhaven Blvd,Q,11373,718-426-9369
1057235,202865,NYCEEC,Our Lady Of Lourdes Catholic Academy,92 - 80 220th St,Q,11428,718-464-1480
1011398,198614,NYCEEC,Notre Dame Catholic Academy Of Ridgewood,62 - 22 61st St,Q,11385,718-821-2221
1021535,201917,NYCEEC,Our Saviour Lutheran School,6433 Woodhaven Blvd,Q,11374,718-897-4343
1057003,193854,NYCEEC,Sacred Heart Catholic Academy,115 - 50 221 St,Q,11411,718-527-0123
1034204,151925,NYCEEC,St. Camillus School,185 Bch 99th St,Q,11694,718-634-5260
1024149,189094,NYCEEC,St. Elizabeth School,9401 85th St,Q,11416,718-843-0914
1043408,214042,NYCEEC,St. Kevin School,4550 195th St,Q,11358,718-357-8110
1037158,201181,NYCEEC,St. Nicolas Of Tolentine School,8022 Parsons Blvd,Q,11435,718-380-1900
1010927,202441,NYCEEC,St. Stanislaus Kostka School,6117 Grand Ave,Q,11378,718-326-1585
1021854,207553,NYCEEC,Sesame Sprout,96 - 08 57 Ave,Q,11368,718-271-2294
1033919,201620,NYCEEC,"Stepping Stone Day School, Inc.",7740 Vleigh Pl,Q,11367,718-591-9093
1034332,205260,NYCEEC,Yeshiva Of Central Queens,147 - 37 70 Rd,Q,11367,718-793-8500
1015680,200155,NYCEEC,"Books And Rattles, Inc. Site 2",6308 69th Pl,Q,11379,718-381-7777
1059754,206399,NYCEEC,YMCA Of Greater New York - Cross Island,238 - 10 Hillside Ave,Q,11426,718-551-9313
1060902,216694,NYCEEC,Samuel Field YM & YWHA ( Little Neck ),5820 Little Nck Pkwy,Q,11362,718-225-6750
1013141,207040,NYCEEC,Denizko DCC,51 - 07 69th St,Q,11377,718-426-0123
1033397,214282,NYCEEC,Honeypot Day Care,140 - 22 Beech Ave,Q,11355,718-539-2388
1033587,214128,NYCEEC,Kissena Cherry Day Care,14026 Cherry Ave,Q,11355,917-952-6727
1031102,213556,NYCEEC,Rainbow Child Dev Center,13320 Avery Ave,Q,11355,718-321-1610
1057488,219913,NYCEEC,Kiddie Academy Of Little Neck,25220 Northern Boulevard3rd Floor,Q,11362,718-229-2829
1039468,195353,NYCEEC,Imagine ELC,1 Jamaica Ctr Plz,Q,11432,718-557-5520
1010414,217481,NYCEEC,Elber Islamic School,25 - 42 49th St,Q,11103,917-362-1130
1015411,213723,NYCEEC,Jackson Heights Learning Center Annex,7910 34 Ave Suite 1x,Q,11372,917-382-5150
997043,210874,NYCEEC,Lolly's ECC,5 - 44 47 Ave,Q,11101,516-852-6339
1012517,194119,NYCEEC,Greater Ridgewood,5903 Summerfield St,Q,11385,718-456-5437
1052560,157261,NYCEEC,Ralph Hirschkorn CCC,310 Bch 20th St,Q,11691,718-327-1141
1021867,216706,NYCEEC,SCO Family Of Services Jerome Hardeman Ece,29 - 49 Gillmore St,Q,11369,718-779-1660
1037792,198993,NYCEEC,North Side School - Parsons ( Half - Day ),84 - 60 Parsons Blvd,Q,11432,718-229-5050
1058114,201386,NYCEEC,"A To Z Center Too, Inc.",220 - 24 Jamaica Ave,Q,11428,718-740-8400
1018566,206123,NYCEEC,Happy Dragon Of New York,8602 57th Ave,Q,11373,718-397-5733
1040910,155872,NYCEEC,Battalion Christian Academy,454 Bch 67 St,Q,11692,718-634-7172
1024841,206519,NYCEEC,Forest Park - Beth Jacob,10235 63rd Rd,Q,11375,718-896-4444
1041882,187064,NYCEEC,All My Children Day Care 6,11716 Sutphin Blvd,Q,11434,718-322-2030
1019247,202210,NYCEEC,NY League Forest Hills West,6325 Dry Hbr Rd,Q,11379,718-639-9750
1030936,197073,NYCEEC,Sholom Day Care 1,8204 Lefferts Blvd,Q,11418,718-850-2934
1050411,191374,NYCEEC,Be Above Site 16,189 - 26 Linden Blvd,Q,11412,718-978-0400
1056311,195743,NYCEEC,Xcel Tiny Tots Inc.,113 - 15 Springfield Blvd,Q,11429,718-740-2557
1028325,177403,NYCEEC,Howard Beach Judea Center,16205 90th St,Q,11414,718-848-1111
1009287,214406,NYCEEC,PAL Woodside Early Learn Center,5037 Broadway,Q,11377,718-278-3616
1030561,195499,NYCEEC,Sholom Day Care 2,8437 118th St,Q,11418,718-850-2934
1042016,187099,NYCEEC,Committee For Early Childhood Development Head Start 2,11721 Sutphin Blvd,Q,11434,718-848-0276
1045461,203314,NYCEEC,All My Children,83 - 10 188 St,Q,11423,718-576-6812
1022636,212934,NYCEEC,Mi Nuevo Mundo,104 - 19 39th Ave,Q,11368,718-476-3128
1047947,216381,NYCEEC,Immanuel Genius,"213 - 03 Northern Blvd, 3fl",Q,11361,718-819-0190
1034924,199998,NYCEEC,Ira's Parkway Day Care,14120 Grand Central Pkwy,Q,11435,718-739-6500
1041702,207852,NYCEEC,Jewish Institute Of Queens,64 - 41 Utopia Pkwy,Q,11365,718-480-0100
1037801,198967,NYCEEC,Northside School,84 - 60 Parsons Blvd,Q,11432,718-298-6161
1039977,196237,NYCEEC,Bessie & Nora's Place,90 - 05 161st St,Q,11432,718-739-0884
1036465,153570,NYCEEC,Early Steps Family Center,216 Bch 87th St,Q,11693,718-888-2301
1017390,209062,NYCEEC,Qing Sheng Wang GFDC,83 - 32 Cornish Ave,Q,11373,718-651-3372
1012501,208731,NYCEEC,"ABC Preschool & Kindergarten Center, Corp.",66 - 20 Laurel Hl Blvd,Q,11377,718-672-2424
1015231,211446,NYCEEC,Bwy Preschool,7714 Roosevelt Ave,Q,11372,718-205-4855
1019264,211355,NYCEEC,"Children's Big Apple, Inc.",4126 Case St,Q,11376,718-565-5311
1009900,196752,NYCEEC,Jc's Daywatch Pre - K,20 St Johns Rd,Q,11385,718-381-3777
1017265,210883,NYCEEC,"Little Friends School Elmhurst, Inc.",8503 Britton Ave,Q,11373,718-458-5415
1049436,187492,NYCEEC,Center Of Excellence Springfield Gardens Preschool,127 - 08 Merrick Blvd,Q,11434,718-276-8200
1023293,209237,NYCEEC,Smiles GFDC Inc.,53 - 14 102 St,Q,11368,917-943-3501
1014059,209714,NYCEEC,Rainbow Christian Preschool,7201 43rd Ave,Q,11377,718-335-3361
1003018,210744,NYCEEC,Long Island City YMCA,3223 Queens Blvd,Q,11101,212-912-2576
1021997,214102,NYCEEC,Therese Cervini ECDC Site I,3533 104th St,Q,11368,718-478-2169
1032797,213598,NYCEEC,Evbo Inc. D / B / A Jack & Jill Nursery School,4323 Colden St,Q,11355,718-762-1218
1038625,212577,NYCEEC,Immanuel Creative,16315 Oak Ave,Q,11358,718-460-9991
1034672,205384,NYCEEC,"Judi's Nursery, Inc.",15005 70th Rd,Q,11367,718-520-1324
1036680,204574,NYCEEC,"New Milestone, Inc.",15813 72nd Ave,Q,11365,718-380-1978
1036136,227743,NYCEEC,Precious Moments,1102 Clintonville St,Q,11357,718-767-6655
1033498,218874,NYCEEC,Sharon Nursery,14515 34th Ave,Q,11354,718-539-8467
1030417,216965,NYCEEC,Martin L King Jr. Mem DCC,3606 Prince St,Q,11354,718-886-3165
1053391,219671,NYCEEC,Community Church Of Douglaston,3950 Douglaston Pkwy,Q,11363,718-767-1961
1041220,206562,NYCEEC,Jack & Jill II,6805 Fresh Mdw Ln,Q,11365,718-939-8687
1027207,223592,NYCEEC,YAI / NYL Clearview School Annex,12307 22 Ave,Q,11356,718-352-0104
1039699,205916,NYCEEC,All My Children Day Care 2,16907 Jewel Ave,Q,11365,718-454-5600
1031332,189727,NYCEEC,"Bev's Kiddie Daycare, Inc.",10145 113th St,Q,11419,718-850-3083
1047279,156339,NYCEEC,Community And Family Head Start,4105 Bch Channel Dr,Q,11691,718-471-7970
1031686,190450,NYCEEC,Cuomo First Step,11515 101st Ave,Q,11419,718-441-5333
1037479,153642,NYCEEC,Hammel CCC,82 - 10 Rockaway Bch Blvd,Q,11693,718-474-3162
1047995,178209,NYCEEC,Jfkidsport,Jfk Airport Building 350,Q,11430,718-553-5437
1052893,156945,NYCEEC,On Our Way Learning Center,264 Bch 19 St,Q,11691,718-868-2961
1049845,190120,NYCEEC,"St. Albans Montessori DCC, Inc.",118 - 49 Montauk St,Q,11412,718-341-5945
1021796,148140,NYCEEC,West End Temple Nursery School,14702 Newport Ave,Q,11694,718-318-0030
1029694,189963,NYCEEC,Nayda Day Care II,9736 108th St,Q,11419,718-805-8893
1044665,188289,NYCEEC,Paccor Kids,11817 Guy R Brewer Blvd,Q,11434,718-525-9620
1039416,198013,NYCEEC,Bright Beginnings Pre - School,8625 162nd St,Q,11432,718-297-6767
1029567,197371,NYCEEC,Sholom Sholom Inc.,11666 Park Ln South,Q,11415,718-850-2934
1023153,206307,NYCEEC,ICCD,98 - 02 62nd Dr,Q,11374,718-263-1587
1035688,190884,NYCEEC,It's My Turn,131 - 15 Liberty Ave,Q,11419,347-385-0824
1037203,194623,NYCEEC,"Sunshine School, LLC",9110 146th St,Q,11435,718-468-9000
1038730,201187,NYCEEC,Apple Tree Nursery School,8225 164th St,Q,11432,718-374-0002
1027345,203477,NYCEEC,All My Children Day Care ( 69th Ave ),10822 69th Ave,Q,11375,718-658-1563
1042639,200485,NYCEEC,All My Children Day Care ( Mayfield ),17544 Mayfield Rd,Q,11432,718-658-1563
1048844,199116,NYCEEC,Committee For Early Childhood Development,193 - 04 Jamaica Ave,Q,11423,718-464-2422
1038694,201346,NYCEEC,Kids Circle Daycare,164 - 04 Goethals Ave,Q,11432,718-380-1280
1051671,192003,NYCEEC,Montessori Progressive,19503 Linden Blvd,Q,11412,718-723-3967
1055738,202583,NYCEEC,Redeemer Lutheran Church And Nursery School,9210 217th St,Q,11428,718-465-3252
1040547,195093,NYCEEC,"South Jamaica Center For Children And Parents, Inc.",94 - 43 160th St,Q,11433,718-523-6455
1005693,217526,NYCEEC,All Children's Child Care ( 31st Ave ),32 - 04 31st Ave ( Cellar ),Q,11106,718-777-2011
1009936,216204,NYCEEC,Brite Adventure Center ( 30th St. ),4922 30th Ave,Q,11377,718-777-6664
1011041,213285,NYCEEC,Christ Evangelical Lutheran Church,3357 58th St,Q,11377,718-205-1425
1017376,215709,NYCEEC,Jackson Children's Services,3136 88th St,Q,11369,718-779-8800
1003153,217260,NYCEEC,Queensview Nursery School & Kindergarten,2136 33rd Rd,Q,11106,718-728-4164
1014792,214233,NYCEEC,Rainbowland Nursery School,3311 77th St,Q,11372,718-803-1728
1008746,217246,NYCEEC,St. Joseph School,28 - 46 44th St,Q,11103,718-728-0724
999430,214286,NYCEEC,PAL Western Queens,1026 41st Ave,Q,11101,718-784-2092
1039724,154631,NYCEEC,Sheldon R Weaver CCC,72 - 05 Bch Channel Dr,Q,11692,718-327-4078
1002286,210576,NYCEEC,La Guardia Community College Pre - School,3110 Thomson Ave,Q,11101,718-482-5295
1057456,182294,NYCEEC,"Mona Prep Day Care, Inc.",24115 North Conduit Ave,Q,11422,718-525-8555
1045832,223897,NYCEEC,Samuel Field YM & YWHA ( Bayside ),212 - 00 23rd Ave,Q,11360,718-423-6111
1041051,224549,NYCEEC,Irene Kouba,1650 Utopia Pkwy,Q,11357,718-229-5050
1056050,218111,NYCEEC,Divine Wisdom Catholic Academy Douglaston,45 - 11 245th St,Q,11363,718-631-3153
1031169,213849,NYCEEC,"New Milestone, Inc.",13254 Pople Ave,Q,11355,718-539-2068
1010059,220976,NYCEEC,Mushroom House Day Care LLC,38 - 00 Ditmars Blvd,Q,11105,917-500-5022
1055977,185904,NYCEEC,The Laugh And Learn Place,228 - 23 Merrick Blvd,Q,11413,718-525-6194
1050263,219672,NYCEEC,ICCD,35 - 55 223rd St,Q,11361,718-428-5370
1047824,185923,NYCEEC,"Rochdale Village Nursery School, Inc.",17030 130th Ave,Q,11434,718-723-2224
1049352,201227,NYCEEC,Haup UPK Program,197 - 25 Hillside Ave,Q,11423,718-527-3776
1036786,229053,NYCEEC,Kiddie Academy Of Whitestone,7 - 05 152nd St,Q,11357,718-747-5555
1039492,197912,NYCEEC,Highland Academics,162 - 10 Highland Ave,Q,11432,718-457-0429
1020006,214786,NYCEEC,SCO Corona Early Childhood Education Center,33 - 27 97th St,Q,11368,718-779-1660
1039753,154669,NYCEEC,"Bethel Mission Station Church, Inc.",72 - 05 Bch Channel Dr,Q,11692,718-474-8618
1017677,205408,NYCEEC,Emilia's Kids,8403 57 Ave,Q,11373,718-899-9060
1019684,207726,NYCEEC,Magic Years Preschool And Nursery,"90 - 20 55th Ave, 1 / F",Q,11373,718-271-1850
1032025,214252,NYCEEC,Queens Herald Community Corp.,"42 - 35 Main St, 2nd Floor",Q,11355,646-535-7245
1060350,218772,NYCEEC,ABC ELC,54 - 25 Little Nck Pkwy,Q,11362,718-225-8044
1020769,215986,NYCEEC,Sunflower Kidz Day Care,10017 32nd Ave,Q,11369,347-709-7793
1035290,198279,NYCEEC,Renanim Day Care,14129 84th Dr,Q,11435,718-206-4400
1049009,199312,NYCEEC,Committee For Early Childhood Development DCC,193 - 25 Jamaica Ave,Q,11423,718-264-6572
1018284,207840,NYCEEC,"Star Paradise, Inc.",8655 Broadway 2nd Floor,Q,11373,718-255-1899
1004833,210719,NYCEEC,Sunnyside Community Services,43 - 31 39th St Sunnyside,Q,11104,718-684-6173
1009845,215010,NYCEEC,Mi Nuevo Mundo,5102 31st Ave,Q,11377,718-476-3128
1017631,198864,NYCEEC,Positive Beginnings Preschool,72 - 52 Metropolitan Ave,Q,11379,718-326-0055
1002318,216340,NYCEEC,Catholic Charities At Ravenswood ( Andrew Landi ),2120 35th Ave,Q,11106,718-806-1598
1041264,197375,NYCEEC,Rising Stars Islamic School ( Lcna ),166 - 26 89 Ave,Q,11432,646-243-5895
1057467,220236,NYCEEC,Immanuel Genius,253 - 01 Northern Blvd,Q,11362,718-877-3001
1031005,219884,NYCEEC,Holy Mountain,29 - 49 137th St,Q,11354,718-359-6080
1034184,202942,NYCEEC,Ohr Osher And Yaffa 75,75 - 21 Main St,Q,11367,347-233-2087
1040117,191442,NYCEEC,Bright Kids Day Care,108 - 42 Sutphin Blvd,Q,11435,718-262-0909
1001882,216441,NYCEEC,Ravenswood,35 - 32 21st St,Q,11106,718-990-0882
1038359,183174,NYCEEC,Aim High Leadership Academy,131 - 44 134th St,Q,11420,917-288-8290
1056446,192525,NYCEEC,Cambria Heights Christian Academy,220 - 12 Linden Blvd,Q,11411,718-712-7034
1033092,218920,NYCEEC,Kiddie Academy Of Flushing,33 - 25 Parsons Blvd,Q,11354,718-888-9499
1044044,199244,NYCEEC,Academy Of Excellence Bell Park 7,178 - 36 Wexford Ter,Q,11432,718-523-4400
1053182,192390,NYCEEC,"Sunshine Learning Center, Inc.",201 02 - 04 Linden Blvd,Q,11412,718-525-2154
1035574,208916,NYCEEC,Preschool R Us II,59 - 25 Kissena Blvd,Q,11354,718-888-9878
1048621,214862,NYCEEC,Morning Star Preschool,47 - 24 Bell Blvd,Q,11361,718-229-0206
1024660,192800,NYCEEC,North Side School,85 - 27 91st St,Q,11421,718-229-5050
1004603,220607,NYCEEC,Al Madinah School,1824 Astoria Blvd,Q,11102,718-222-4986
1015094,214364,NYCEEC,Garden School,78 - 02 Northern Blvd,Q,11372,718-335-6363
1030833,213831,NYCEEC,Khwoa Bhoa Day School,132 - 25 Pople Ave,Q,11355,718-353-3628
1031241,197128,NYCEEC,Sholom Sholom Inc.,84 - 15 Beverly Rd,Q,11415,718-850-2934
1005526,219560,NYCEEC,Discovery Lane DCC,27 - 17 27 St,Q,11102,347-652-7739
1037758,207852,NYCEEC,Kids Advocate DCC Inc.,61 - 54 162 St,Q,11365,914-426-7423
1016058,199581,NYCEEC,Play And Learn DCC,66 - 06 70th St,Q,11379,646-872-9241
1035444,205550,NYCEEC,Ivy Day School,70 - 44 Kissena Blvd,Q,11367,718-880-1888
1013879,194589,NYCEEC,Happily Ever After,62 - 02 Myrtle Ave,Q,11385,347-529-6718
1045591,191007,NYCEEC,Allen Christian School,114 - 32 Merrick Blvd,Q,11434,718-657-2500
1038512,185045,NYCEEC,Al - Ihsan Academy,134 - 02 Rockaway Blvd,Q,11420,718-322-3154
1041320,216210,NYCEEC,Eunyoung Chang Corp.,40 - 27 172 St,Q,11358,212-960-3613
1037579,185149,NYCEEC,Al - Ihsan Academy 3,130 - 20 Rockaway Blvd,Q,11420,718-322-3154
1024024,206281,NYCEEC,Fairytale Daycare Pre School Center,99 - 13 63rd,Q,11374,718-275-0204
1006450,220310,NYCEEC,New Milestone,27 - 18 Hoyt Ave South,Q,11102,718-380-1978
925407,129019,DOE,P.S. 003 The Margaret Gioiosa School,80 South Goff Ave,R,10309,718-984-1021
920131,125360,DOE,P.S. 006 Corporal Allan F Kivlehan School,555 Page Ave,R,10307,718-697-3760
958999,158749,DOE,Naples Street Elementary School,1055 Targee St,R,10304,718-876-4610
965019,162646,DOE,P.S. 013 M L Lindemeyer,191 Vermont Ave,R,10305,718-447-1462
951731,171264,DOE,P.S. 018 John G Whittier,221 Broadway,R,10310,718-442-0216
942320,167050,DOE,P.S. 022 Graniteville,1860 Frst Ave,R,10303,718-442-2219
931420,154880,DOE,P.S. 026 The Carteret School,4108 Victory Blvd,R,10314,718-698-1530
947331,164417,DOE,P.S. 030 Westerleigh,200 Wardwell Ave,R,10314,718-442-0462
941122,142722,DOE,P.S. 032 The Gifford School,32 Elverton Ave,R,10308,718-984-1688
956627,148713,DOE,P.S. 038 George Cromwell,421 Lincoln Ave,R,10306,718-351-1225
953966,148375,DOE,P.S. 041 New Dorp,216 Clawson St,R,10306,718-351-6777
940714,169414,DOE,P.S. 044 Thomas C Brown,80 Maple Pkwy,R,10303,718-442-0433
961867,155715,DOE,P.S. 046 Albert V Maniscalco,41 Reid Ave,R,10305,718-987-5155
949548,143884,DOE,P.S. 050 Frank Hankinson,200 Adelaide Ave,R,10306,718-987-0396
946179,140518,DOE,P.S. 053 Bay Terrace,330 Durant Ave,R,10308,718-987-8020
938779,134762,DOE,P.S. 055 Henry M Boehm,54 Osborne St,R,10312,718-356-2211
961094,161971,DOE,P.S. 057 Hubert H Humphrey,140 Palma Dr,R,10304,718-447-1191
961097,175203,DOE,The Harbor View School,300 Richmond Ter,R,10301,718-390-2190
923599,136615,DOE,P.S. 62,644 Bloomingdale Rd,R,10309,718-935-3615
940576,154792,DOE,P.S. 069 Daniel D Tompkins,144 Keating Pl,R,10314,718-698-6661
955015,160989,DOE,The Michael J Petrides School,715 Ocean Ter,R,10301,718-815-0186
960125,156718,NYCEEC,Academy Of St. Dorothy,1305 Hylan Blvd,R,10305,718-351-0939
916683,124975,NYCEEC,Our Lady Help Of Christians,23 Smt St,R,10307,718-984-1360
951537,149149,NYCEEC,Our Lady Queen Of Peace School,22 Steele Ave,R,10306,718-351-0370
957287,154579,NYCEEC,St. Ann School,125 Cromwell Ave,R,10304,718-351-4343
954083,151298,NYCEEC,St. Christopher School,15 Lisbon Pl,R,10306,718-351-0902
945580,147858,NYCEEC,St. Patrick's,3560 Richmond Rd,R,10306,718-979-8815
947871,159613,NYCEEC,St. Rita School,30 Wellbrook Ave,R,10314,718-761-2504
934083,144461,NYCEEC,The Gingerbread Learning Center,80 Woodrow Rd,R,10312,718-356-0008
951709,171544,NYCEEC,Children's Aid Society Richmond ELC,159 Broadway,R,10310,917-426-0300
959591,169066,NYCEEC,Jewish Community Center Of Staten Island,485 Victory Blvd,R,10301,718-475-5286
941848,161075,NYCEEC,Bumblebees - R - Us,2734 Victory Blvd,R,10314,718-494-4448
944628,168585,NYCEEC,CAS SI Family Services Center,465 Villa Ave,R,10302,718-273-5305
951161,162865,NYCEEC,Castleton Hill Moravian Preschool,1657 Victory Blvd,R,10314,718-442-5350
956771,151285,NYCEEC,Islander's Kids,219 Jefferson Ave,R,10306,718-979-5331
965357,158486,NYCEEC,Sisters Of St. John The Baptist Inc.,57 Cleveland Pl,R,10305,718-447-4150
942018,169003,NYCEEC,"4 Angels Day Care, Inc.",245 Simonson Ave,R,10303,718-876-6498
943439,168670,NYCEEC,St. Adalbert's School,355 Morningstar Rd,R,10303,718-442-2020
923662,136212,NYCEEC,Friends Preschool,610 Bloomingdale Rd,R,10309,718-984-5194
950820,170438,NYCEEC,"Castle Day Care, Inc.",1141 Castleton Ave,R,10310,718-447-3140
955191,174203,NYCEEC,Children's Harbor Montessori School,1000 Richmond Ter,R,10301,718-442-6112
926370,136598,NYCEEC,"High Hopes Of Staten Island, Inc.",1298 Woodrow Rad,R,10309,718-317-8143
933255,145404,NYCEEC,Jewish Community Center Of Staten Island,1297 Arthur Kill Rd,R,10312,718-475-5224
922449,124996,NYCEEC,Mission Of The Immaculate Virgin,6581 Hylan Blvd,R,10309,718-317-2849
924006,131587,NYCEEC,Small World Pre - School,144 Bloomingdale Rd,R,10309,718-356-7795
942106,145983,NYCEEC,The Tanglewood Montessori,15 Tanglewood Dr,R,10308,718-967-2424
941705,160839,NYCEEC,College Of Staten Island - The Children's Center,2800 Victory Blvd,R,10314,718-982-3190
956626,169491,NYCEEC,Yeled V'Yalda Silver Lake I Head Start,10 Gregg Pl,R,10301,718-815-4488
952576,167108,NYCEEC,SI YMCA Nursery - North,651 Broadway,R,10310,718-981-4933
941737,151066,NYCEEC,Richmond Hill Children's Center,"501 Richmond Hl Rd,",R,10314,718-494-7422
960552,164739,NYCEEC,Staten Island Head Start,16 Osgood Ave,R,10304,718-420-6138
942445,163281,NYCEEC,Rabbi Jacob Joseph School,400 Caswell Ave,R,10314,718-982-8745
947411,142999,NYCEEC,Cbi Academy Preschool,45 Twombly Ave,R,10306,718-987-6200
939629,133423,NYCEEC,Staten Island Children's Academy,50 Osage Ln,R,10312,718-227-2500
953757,167799,NYCEEC,Hugs & Kiddies,140 Harvest Ave,R,10310,718-273-6141
939290,159658,NYCEEC,Ivy League Early Learning Academy,1779 Richmond Ave,R,10314,718-982-0202
928119,131962,NYCEEC,Alphabet Ac,65 Foster Rd,R,10309,917-846-8289
1014171,249042,DOE,P.S. 3 Raul Julia Micro Society,2100 Lafontaine Ave,X,10457,718-584-1899
1009538,235709,DOE,P.S. 5 Port Morris,564 Jackson Ave,X,10455,718-292-2683
1012258,251425,DOE,P.S. 9 Ryer Avenue Elementary School,230 East 183 St,X,10458,718-584-3291
1005598,236750,DOE,P.S. 018 John Peter Zenger,502 Morris Ave,X,10451,718-292-2868
1013356,250167,DOE,P.S. 023 The New Children's School,2151 Washington Ave,X,10457,718-584-3992
1010903,248358,DOE,P.S. 028 Mount Hope,1861 Anthony Ave,X,10457,718-583-6444
1007030,234117,DOE,P.S. 030 Wilton,510 East 141 St,X,10454,718-292-8817
1015772,249682,DOE,P.S. 032 Belmont,690 East 183 St,X,10458,718-584-3645
1025718,241505,DOE,P.S. 036 Unionport,1070 Castle Hl Ave,X,10472,718-822-5345
1006012,233079,DOE,P.S. 043 Jonas Bronck,165 Brown Pl,X,10454,718-292-4502
1015563,235913,DOE,P.S. 048 Joseph R Drake,1290 Spofford Ave,X,10474,718-589-4312
1015560,249327,DOE,P.S. 051 Bronx New School,695 East 182nd St,X,10457,718-733-0347
1015291,254403,DOE,P.S. / I.S. 54,2703 Webster Ave,X,10458,718-584-4203
1014956,248449,DOE,P.S. 057 Crescent,2111 Crotona Ave,X,10457,718-367-9446
1013708,250098,DOE,P.S. 059 The Community School Of Technology,2185 Bathgate Ave,X,10457,718-584-4730
1011862,235824,DOE,P.S. 062 Inocensio Casanova,660 Fox St,X,10455,718-585-1617
1008419,233518,DOE,P.S. 065 Mother Hale Academy,677 East 141 St,X,10454,718-292-4628
1016179,246729,DOE,P.S. 067 Mohegan School,2024 Mohegan Ave,X,10460,718-823-4101
1022824,236911,DOE,P.S. 069 Journey Prep School,560 Thieriot Ave,X,10473,718-378-4736
1004578,242650,DOE,P.S. 073 Bronx,1020 Anderson Ave,X,10452,718-681-6776
1018597,257169,DOE,Bedford Park Elementary School,3177 Webster Ave,X,10467,718-696-6400
1013385,252272,DOE,P.S. 085 Great Expectations,2400 Marion Ave,X,10458,718-584-5275
1023177,253641,DOE,P.S. 089 Bronx,980 Mace Ave,X,10469,718-653-0835
1018192,238772,DOE,P.S. 093 Albert G Oliver,1535 Story Ave,X,10473,718-430-1700
1026633,253773,DOE,P.S. 097 Bronx,1375 Mace Ave,X,10469,718-655-4446
1024405,244366,DOE,P.S. 106 Parkchester,2120 St Raymond's Ave,X,10462,718-892-1006
1024921,250658,DOE,P.S. 108 Philip J Abinanti,1166 Neill Ave,X,10461,718-863-9829
1011681,243548,DOE,P.S. 110 Theodore Schoenfeld,580 Crotona Park South,X,10456,718-861-0759
1027392,261662,DOE,P.S. 112 Bronxwood,1925 Schieffelin Ave,X,10466,718-654-6377
1025564,255179,DOE,P.S. 121 Throop,2750 Throop Ave,X,10469,718-654-2055
1011364,237190,DOE,P.S. 130 Abram Stevens Hewitt,750 Prospect Ave,X,10455,718-665-0962
1024925,238936,DOE,P.S. 138 Samuel Randall,2060 Lafayette Ave,X,10473,718-822-5325
1010312,239854,DOE,P.S. 146 Edward Collins,968 Cauldwell Ave,X,10456,718-378-9664
1017374,239493,DOE,P.S. 152 Evergreen,1007 Evergreen Ave,X,10472,718-589-4560
1004724,233748,DOE,P.S. 154 Jonathan D Hyatt,333 East 135 St,X,10454,718-292-4742
1032914,254226,DOE,P.S. 160 Walt Disney,4140 Hutchinson Riv Pkway E,X,10475,718-379-5951
1012253,249624,DOE,P.S. 163 Arthur A Schomburg,2075 Webster Ave,X,10457,718-584-3045
1006356,234188,DOE,P.S. 179,468 East 140 St,X,10454,718-292-2237
1031010,261120,DOE,Cornerstone Academy For Social Action,3441 Steenwick Ave,X,10475,718-794-6160
1018171,241915,DOE,P.S. 196,1250 Ward Ave,X,10472,718-328-7187
1007729,248989,DOE,P.S. 204 Morris Heights,1780 Dr Martin Luther King Jr Blvd,X,10453,718-960-9520
1012625,251425,DOE,P.S. 209,313 East 183rd St,X,10458,718-364-0085
1011879,241173,DOE,P.S. 212,1180 Tinton Ave,X,10456,718-842-2331
1007450,251055,DOE,P.S. 226,1950 Sedgwick Ave,X,10453,718-583-5560
1006186,250085,DOE,The New American Academy At Roberto Clemente State Park,275 Harlem Riv Park Brg,X,10453,718-901-9703
1015509,247488,DOE,The School Of Science And Applied Learning,2050 Prospect Ave,X,10457,718-584-6310
1011441,255954,DOE,Luisa Pineiro Fuentes School Of Science And Discovery,124 Eames Pl,X,10468,718-601-2632
1015477,243237,DOE,Fairmont Neighborhood School,1550 Vyse Ave,X,10460,718-860-5210
1012294,238107,DOE,The Academy Of The Arts,888 Rev J A Polite Ave,X,10459,718-860-3401
1021967,250517,DOE,Young Voices Academy Of The Bronx,800 Lydig Ave,X,10462,718-794-4080
1011283,257987,DOE,P.S. 360,2880 Kingsbridge Ter,X,10463,718-548-1511
1010935,250846,DOE,School For Environmental Citizenship,125 East 181 St,X,10453,718-563-3292
1006134,233057,CHARTER,Little Haven @ Mott Haven Academy Charter School,170 Brown Pl,X,10454,718-292-7015
1006991,242302,DOE,The Family School,1116 Sheridan Ave,X,10456,718-538-3266
1015449,243177,DOE,Samara Community School,1550 Vyse Ave,X,10460,718-935-3448
1007430,236124,CHARTER,Girls And Boys Preparatory Charter School Of The Bronx,441 East 148 St,X,10455,212-346-6000
1021279,244639,DOE,Archer Elementary School,1827 Archer St,X,10460,718-828-3791
1005958,233986,CHARTER,NYC Montessori Charter School,423 East 138th St,X,10454,347-226-9094
1024930,244813,DOE,Linden Tree Elementary School,1560 Purdy St,X,10462,718-239-7401
1028544,261528,CHARTER,Bronx Charter School For Better Learning,3740 Baychester Ave,X,10466,718-655-6660
1012816,242679,NYCEEC,Puerto Rican Family Institute Bronx Head Start,1423 Prospect Ave,X,10459,718-991-5590
1014084,261453,NYCEEC,Amalgamated Nursery School,3980 Orloff Ave,X,10463,718-543-8688
1007665,244411,NYCEEC,Christ The King School,1345 Grand Concourse,X,10452,718-538-5959
1022814,236982,NYCEEC,Holy Cross School,1846 Randall Ave,X,10473,718-842-4492
1027856,255340,NYCEEC,Holy Rosary School,1500 Arnow Ave,X,10469,718-652-1838
1030814,263142,NYCEEC,Nativity Of Our Blessed Lady,3893 Dyre Ave,X,10466,718-324-2188
1032045,247331,NYCEEC,Our Lady If The Assumption School,1617 Parkview Ave,X,10461,718-829-1706
1014990,252015,NYCEEC,Our Lady Of Mount Carmel,2465 Bathgate Ave,X,10458,718-295-6080
1006885,240691,NYCEEC,St. Angela Merici School,266 East 163rd St,X,10451,718-293-3365
1018077,258240,NYCEEC,St. Brendan School,268 East 207th St,X,10467,718-653-2292
1036143,236729,NYCEEC,St. Francis De Chantal School,2962 Harding Ave,X,10465,718-892-5359
1025058,248405,NYCEEC,St. Francis Xavier School,1711 Haight Ave,X,10461,718-863-0531
1014501,240707,NYCEEC,St. John Chrysostom School,1144 Hoe Ave,X,10459,718-328-7226
1012864,248084,NYCEEC,St. Joseph School,1946 Bathgate Ave,X,10457,718-583-9432
1007753,233114,NYCEEC,St. Luke School,608 East 139th St,X,10454,718-585-0380
1022009,262865,NYCEEC,St. Mary School,3956 Carpenter Ave,X,10466,718-547-0500
1024568,246118,NYCEEC,St. Raymond Elementary,2380 East Tremont Ave,X,10462,718-597-3232
1030340,248745,NYCEEC,St. Theresa,2872 Sttheresa Ave,X,10461,718-792-3688
1022274,257708,NYCEEC,"Learning Tree, The",801 Bartholdi St,X,10467,718-944-0960
1035029,245985,NYCEEC,"Villa Maria Academy, Inc.",3335 Country Clb Rd,X,10465,718-824-3260
1017104,247006,NYCEEC,Phipps Neighborhoods Daly Avenue ECEC,921 East 180 St,X,10460,718-364-2496
1006786,232909,NYCEEC,East Side House,201 Saint Anns Ave,X,10454,718-665-5250
1008211,246880,NYCEEC,Highbridge Advisory Council ECC #1,1594 Townsend Ave,X,10452,718-299-3917
1024951,241571,NYCEEC,LSSMNY : Early Life Children's Center 6,2125 Watson Ave,X,10472,718-943-0580
1008297,248215,NYCEEC,Grow With Us ( Susan E Wagner ),1732 Davidson Ave,X,10453,718-299-6892
1026551,236861,NYCEEC,Dr. Katharine Dodge Brownell School,450 Castle Hl Ave,X,10473,914-375-8652
1017010,240188,NYCEEC,East Bronx DCC,1113 Colgate Ave,X,10472,718-617-2900
1011201,242786,NYCEEC,1332 Fulton Ave DCC,1332 Fulton Ave,X,10456,718-378-1330
1023980,254689,NYCEEC,"Little Stars Too, Inc.",1083 Allerton Ave,X,10469,718-515-8800
1033307,238199,NYCEEC,Throggs Neck Early Learn Center,461 Swinton Ave,X,10465,718-882-0172
1010712,250788,NYCEEC,LSSMNY : Early Life Children's Center 1,80 East 181 St,X,10453,347-297-2900
1008628,248837,NYCEEC,Be Above 52,1810 Davidson Ave,X,10453,718-466-7519
1004754,244325,NYCEEC,Highbridge Advisory Council DCC ( Nelson Avenue ),1181 Nelson Ave,X,10452,718-681-5216
1013411,251627,NYCEEC,"Concourse House, HDFC",2348 Webster Ave,X,10458,917-801-2515
1014127,242267,NYCEEC,Brightside Academy - Louis Nine,1336 Louis Nine Blvd,X,10459,718-991-2119
1011451,249405,NYCEEC,Sharon Baptist - Center II,279 East Burnside Ave,X,10457,718-299-6500
1034871,244741,NYCEEC,"Providence Rest Child DCC, Inc.",3310 Campbell Dr,X,10465,718-823-3588
1014768,246818,NYCEEC,Children's Aid At P.S. 211,1919 Prospect Ave,X,10457,347-821-4222
1022610,241011,NYCEEC,Watson Avenue ECC,1880 Watson Ave,X,10472,718-828-9400
1017906,243401,NYCEEC,Bronx River Early Learn Center,1555 East 174th St,X,10472,718-842-6582
1010601,246201,NYCEEC,Labor Bathgate Community CCC,1638 Anthony Ave,X,10457,718-583-3850
1006992,236189,NYCEEC,Episcopal Social Services Head Start ( Paul's House ),500 Bergen Ave,X,10455,718-401-5133
1012083,236777,NYCEEC,Prospect ECC,730 Kelly St,X,10455,718-617-6100
1014939,251939,NYCEEC,Harry H Gordon School ( NYL ),2465 Bathgate Ave,X,10458,718-367-5917
1006644,244022,NYCEEC,WHEDco Early Childhood Discovery Center,50 East 168th St,X,10452,718-839-1156
1011744,257263,NYCEEC,"St. Jemuel Group Family Day Care, Inc.",2836 Webb Ave,X,10468,718-601-9753
1009508,239708,NYCEEC,Five Star DCC,3261 Third Ave,X,10456,718-292-4774
1009672,240510,NYCEEC,Sharon Baptist - Center I,507 East 165th St,X,10456,718-585-5876
1008365,246524,NYCEEC,Mid Bronx Sr. Citizen Center,100 East Mt Eden Ave,X,10452,718-684-4790
1009274,251887,NYCEEC,Trabajamos Community Head Start,2167 University Ave,X,10453,917-962-9720
1034238,239286,NYCEEC,Just 4 Kids Tremont,3881 East Tremont,X,10465,917-217-1781
1008327,239560,NYCEEC,Iola Jordan Day Care,421 East 161st St,X,10451,718-402-4166
1005446,236393,NYCEEC,Children's Pride,414 Morris Ave,X,10451,718-401-4242
1006695,237487,NYCEEC,Philip H Michaels CDC,629 Courtlandt Ave,X,10451,718-665-9410
1008222,239041,NYCEEC,"Salvation Army, Bronx Citadel",425 E 159th St,X,10451,718-742-2346
1024332,234371,NYCEEC,"Just 4 Kids Soundview Center, Inc.",214 - 216 Soundview Ave,X,10473,917-995-8041
1010834,239321,NYCEEC,Gwendolyn Bland Dc,749 East 163rd St,X,10456,718-991-1050
1009073,244994,NYCEEC,Help II,285 East 171st St,X,10457,718-498-4002
1004909,241051,NYCEEC,Highbridge Advisory Council Head Start,880 Riv Ave,X,10452,718-992-1321
1009205,248531,NYCEEC,Walton ( Center #5 ),1871 Walton Ave,X,10453,718-542-1161
1006301,247653,NYCEEC,South Bronx Head Start II,141 Featherbed Ln,X,10452,718-292-7250
1006701,242570,NYCEEC,Bronxworks,1130 Grand Concourse,X,10456,718-508-3054
1012697,247994,NYCEEC,Sharon Baptist - Center IV,1925 Bathgate Ave,X,10457,718-466-1604
1010252,253344,NYCEEC,St. Nicholas Of Tolentine Head Start,2331 University Ave,X,10468,718-364-7608
1013286,261771,NYCEEC,Brenda's Playschool,3930 Bailey Ave,X,10463,718-796-5048
1011806,269258,NYCEEC,Riverdale Montessori School,5705 Mosholu Ave,X,10471,718-543-4884
1009996,258430,NYCEEC,Marble Hill Nursery School,5470 Broadway,X,10463,718-562-7055
1017452,260836,NYCEEC,Mosholu Montefiore Community Center - Northside Annex,3512 Dekalb Ave,X,10467,718-405-0020
1010824,268413,NYCEEC,"Riverdale Neighborhood House, Inc.",5521 Mosholu Ave,X,10471,718-549-8100
1008351,264156,NYCEEC,Riverdale Temple Nursery School,4545 Independence Ave,X,10471,718-796-0335
1009812,259691,NYCEEC,Spuyten Duyvil Preschool,3041 Kingsbridge Ave,X,10463,718-549-1525
1010129,253401,NYCEEC,St. Dominics Torch,2340 Andrews Ave,X,10468,718-365-7238
1012506,253623,NYCEEC,1199 Future Of America Learning Center,2500 Creston Ave,X,10468,718-562-2915
1021784,252051,NYCEEC,Bronx House 2,2222 Wallace Ave,X,10467,718-792-1800
1023021,263428,NYCEEC,North Bronx Ncnw CDC,4035 White Plns Rd,X,10466,718-231-7100
1024391,261850,NYCEEC,United Educare Preschool,3950 Bronxwood Ave,X,10466,718-882-4706
1027010,262121,NYCEEC,Susan Wagner Day Care,1140 East 229th St,X,10466,718-547-1735
1014345,244075,NYCEEC,Tremont Crotona,1600 Crotona Park East,X,10460,718-378-5600
1024860,265557,NYCEEC,Corry Academy,4321 Barnes Ave,X,10466,718-994-4650
1021233,258503,NYCEEC,Susan Wagner Victory,3440 White Plns Rd,X,10467,718-655-5500
1004188,237336,NYCEEC,"HCC Children's Center, Inc.",475 Grand Concourse,X,10451,718-518-4209
1012610,247677,NYCEEC,Bronx ELC,1887 Bathgate Ave,X,10457,718-466-3915
1026113,237777,NYCEEC,Leake And Watts Head Start,2165 Randall Ave,X,10473,718-904-1689
1025506,245112,NYCEEC,Santa Maria School,1651 Zerega Ave,X,10462,718-863-5047
1011807,236731,NYCEEC,Trabajamos Community Head Start,940 East 156th St,X,10455,718-893-2865
1016172,249507,NYCEEC,Trabajamos Community Head Start,2260 Crotona Ave,X,10457,718-933-5560
1030787,256520,NYCEEC,Learning Ladder DCC,"100 Aldrich St, Bldg 15a",X,10475,718-618-0782
1010105,241705,NYCEEC,3467 Ready Set Learn,3467 Third Ave,X,10456,718-665-1234
1013339,247756,NYCEEC,Bronx DCC Inc.,559 East Tremont Ave,X,10457,718-240-9300
1012155,250830,NYCEEC,St. Dominics Torch,2195 Valentine Ave,X,10457,347-270-9219
1022548,236873,NYCEEC,Seabury CCC,575 Soundview Ave,X,10473,718-991-1500
1010162,253394,NYCEEC,Tolentine Zeiser Community Life Center,2340 Andrews Ave,X,10468,718-933-6935
1010085,253313,NYCEEC,Lion Of Judah Christian Academy ( Lojca ),2336 Andrews Ave,X,10468,718-772-3238
1020897,237399,NYCEEC,Ciditty Kiddie Pre - K,1700 Seward Ave,X,10473,718-924-5758
1008603,250307,NYCEEC,Holy Spirit Head Start,1960 University Ave,X,10453,718-402-0081
1042492,250627,NYCEEC,Holy Rosary Early Childhood At St. Mary Star Of The Sea,580 Minnieford Ave,X,10464,718-652-1838
1007708,251676,NYCEEC,Bronx Community College ECC,2010 Sedgwick,X,10468,718-289-5461
1023859,249455,NYCEEC,St. Clare Of Assisi Early Childhood Academy,1925 Hone Ave,X,10461,718-892-4080
1010413,236667,NYCEEC,St. Anselm School,685 Tinton Ave,X,10455,718-993-9464
1020885,255652,NYCEEC,Brightside Academy - White Plains #1,2901 White Plns Rd,X,10467,718-653-3714
1006112,248011,NYCEEC,Bronxworks,1472 Montgomery Ave,X,10453,646-393-4000
1013728,242459,NYCEEC,Little Scholars Early Development Center,850 Jennings St,X,10459,718-887-2928
1026635,256646,NYCEEC,"Unity Neighborhood Center, Inc.",1339 E Gun Hl Rd,X,10469,718-994-8400
1015525,244655,NYCEEC,Brightside Academy - Southern 2,1778 Southern Blvd,X,10460,718-589-5900
1017589,256795,NYCEEC,Monsignor Boyle Head Start,3044 Hull Ave,X,10467,718-402-0081
1022416,253151,NYCEEC,St. Lucy Early Childhood Academy,2401 Bronxwood Ave,X,10469,718-882-2203
1007579,240281,NYCEEC,Fabiana Day Cay Academy Universal Pre K,937 Teller Ave,X,10451,718-588-4545
1010033,258463,NYCEEC,Reach One To Teach One,5480 Broadway,X,10463,718-220-8406
1021081,257366,NYCEEC,"All Seasons A & C Day Care, LLC",700 Rosewood St,X,10467,718-231-7200
1008405,248418,NYCEEC,Little Scholars Early Development Center,1770 Davidson Ave,X,10453,718-887-2928
1006715,233209,NYCEEC,Tender Tot's East 137th Street,531 East 137th St,X,10454,732-987-5252
1006054,248879,NYCEEC,Promesa Head Start,1650 Undercliff Ave,X,10453,212-410-7707
1009045,233984,NYCEEC,A House On Beekman Preschool,390 Jackson Ave,X,10454,972-841-8120
1023916,249355,NYCEEC,St. Clare Of Assisi Early Childhood Academy,1925 Hone Ave,X,10461,718-892-4080
983570,167431,DOE,Pre - K Center At 1258 65th Street,1258 65th St,K,11219,718-234-4519
989239,169329,DOE,Pre - K Center At 1668 46th Street,1668 46th St,K,11204,212-637-8000
979937,196397,DOE,Pre - K Center At 2 - 26 Washington St.,2 - 26 Washington St,M,10004,212-637-8000
1042225,196805,DOE,Pre - K Center At 168 - 42 Jamaica Avenue,168 - 42 Jamaica Ave,Q,11432,212-637-8000
1034164,195085,DOE,Pre - K Center At 132 - 10 Jamaica Avenue,132 - 10 Jamaica Ave,Q,11418,212-637-8000
1019209,219164,DOE,Pre - K Center At 96 - 10 23rd Avenue,96 - 10 23rd Ave,Q,11369,212-637-8000
1016453,194886,DOE,Pre - K Center At 68 - 20 Myrtle Avenue,68 - 20 Myrtle Ave,Q,11385,212-637-8000
944667,167010,DOE,Pre - K Center At 1625 Forest Avenue,1625 Frst Ave,R,10302,212-637-8000
962771,173642,DOE,Pre - K Center At 120 Stuyvesant Place,120 Stuyvesant Pl,R,10301,212-637-8000
1010311,235124,DOE,Pre - K Center At 535 Union Avenue,535 Un Ave,X,10455,212-637-8000
985452,216762,DOE,Pre - K Center At P.S. 051 Elias Howe,525 West 44 St,M,10036,212-637-8000
983653,197502,DOE,Pre - K Center At P.S. 343 The Peck Slip School,1 Peck Slip,M,10038,212-637-8000
1021544,246676,DOE,Pre - K Center At 1684 White Plains Road,1684 White Plns Rd,X,10462,212-637-8000
981861,176320,DOE,Pre - K Center At P.S. 516 Sunset Park Avenues ES,4222 4th Ave,K,11232,212-637-8000
987635,183726,DOE,Pre - K Center At P.S. 118 The Maurice Sendak School,211 8th St,K,11215,212-637-8000
1019851,198603,DOE,Pre - K Center At P.S. 087 Middle Village,67 - 54 80 St,Q,11379,212-637-8000
1042285,192115,DOE,Pre - K Center At P.S. 040 Samuel Huntington,109 - 20 Un Hall St,Q,11433,212-637-8000
1008066,216884,DOE,Pre - K Center At P.S. 070 Queens,30 - 45 42 St,Q,11103,212-637-8000
1019717,216831,DOE,Pre - K Center At P.S. 329 East Elmhurst Community School,26 - 25 97th St,Q,11369,212-637-8000
999074,164551,DOE,Pre - K Center At 1340 East 29th Street,1340 East 29th St,K,11232,212-637-8000
982673,199218,DOE,Pre - K Center At 52 Chambers Street,52 Chambers St,M,10007,212-637-8000
981193,163156,DOE,Pre - K Center At 1355 84th Street,1355 84th St,K,11228,718-621-8510
977144,165850,DOE,Pre - K Center At 8501 5th Avenue,8501 5th Ave,K,11209,718-439-2960
978001,174150,DOE,Pre - K Center At 140 58th Street,140 58th St,K,11220,718-439-2200
984606,180147,DOE,Pre - K Center At 173 - 177 25th Street,173 - 177 25th St,K,11232,718-686-2282
1016352,195636,DOE,Pre - K Center At P.S. 091 Richard Arkwright,68 - 10 Central Ave,Q,11385,212-637-8000
1005977,207767,DOE,Pre - K Center At 50 - 15 44th Street,50 - 15 44th St,Q,11104,212-637-8000
1042504,185076,DOE,Pre - K Center At P.S. 223 Lyndon B Johnson,125 - 20 Sutphin Blvd,Q,11434,212-637-8000
1013841,253070,NYCEEC,Pre - K Center At 2512 Marion Avenue,2512 Marion Ave,X,10458,917-473-7623
